Date,Close
2006-01-04,0.004735595895816846
2006-01-05,0.0006284367635506544
2006-01-06,0.00832155754435549
2006-01-09,0.002569293055123112
2006-01-10,0.0010095519142657098
2006-01-11,0.0031807602792862416
2006-01-12,-0.00394401051736131
2006-01-13,-0.0009316770186335756
2006-01-17,-0.002719925396331942
2006-01-18,-0.004207901503935216
2006-01-19,0.004069175991861617
2006-01-20,-0.018237082066869328
2006-01-23,0.0035722791140748024
2006-01-24,0.0010283183040657763
2006-01-25,0.0008692216515211334
2006-01-26,0.005526606663508628
2006-01-27,0.009265075376884363
2006-01-30,-0.0007779679477205098
2006-01-31,-0.007318592338835236
2006-02-01,0.0069803921568626385
2006-02-02,-0.011605265207570534
2006-02-03,-0.004964539007092274
2006-02-06,0.0026134473746733055
2006-02-07,-0.008846761453396449
2006-02-08,0.009085113165444697
2006-02-09,-0.0016585057652820088
2006-02-10,0.0018194763072542045
2006-02-13,-0.0018161718256475361
2006-02-14,0.010600427181393904
2006-02-15,0.003522504892367817
2006-02-16,0.007488299531981342
2006-02-17,-0.002709817280891873
2006-02-21,-0.0024842791708717736
2006-02-22,0.006070511323838439
2006-02-23,-0.001469791908408739
2006-02-24,0.002556554074992129
2006-02-27,0.000386368905030611
2006-02-28,-0.009501004171172703
2006-03-01,0.008890275286594517
2006-03-02,-7.729767333996216e-05
2006-03-03,-0.004638218923933385
2006-03-06,-0.00458216837527185
2006-03-07,-0.0015604275571505708
2006-03-08,0.002109869500664298
2006-03-09,-0.006706175920149825
2006-03-10,0.009499136442141686
2006-03-13,0.001866397075977985
2006-03-14,0.010478925716059878
2006-03-15,0.004455369488400553
2006-03-16,0.0020648516365861904
2006-03-17,-0.003129054415019435
2006-03-20,-0.001607717041800704
2006-03-21,-0.006287861360325077
2006-03-22,0.0060961493942433215
2006-03-23,-0.002070869765301287
2006-03-24,0.000768580431942159
2006-03-27,-0.0014591813224790547
2006-03-28,-0.00615289955391487
2006-03-29,0.006268379507816145
2006-03-30,-0.001768822579404674
2006-03-31,0.00023112480739600257
2006-04-03,-0.0007702380035432699
2006-04-04,0.006397903337701477
2006-04-05,0.003446691176470501
2006-04-06,-0.0010686207159757756
2006-04-07,-0.01016275693436244
2006-04-10,0.0015439246564768958
2006-04-11,-0.008478495452443523
2006-04-12,0.0018656716417911156
2006-04-13,-0.001319056486654155
2006-04-17,-0.0003884702043354158
2006-04-18,0.015855743820923304
2006-04-19,0.001912777352716144
2006-04-20,0.0013745704467354473
2006-04-21,0.000152520399603525
2006-04-24,-0.0018299656881434166
2006-04-25,-0.004124971354365534
2006-04-26,0.00023011429009742377
2006-04-27,0.004831288343558247
2006-04-28,0.0033580096161184288
2006-05-01,-0.008138738875789102
2006-05-02,0.0075153374233128045
2006-05-03,-0.0037296392144923816
2006-05-04,0.0035908014363207836
2006-05-05,0.00883069427527403
2006-05-08,-0.0012073649260488724
2006-05-09,0.00196433967966146
2006-05-10,-0.0005278238576383138
2006-05-11,-0.012070916635232158
2006-05-12,-0.013058419243986099
2006-05-15,0.0020117610646857853
2006-05-16,-0.0014671814671814497
2006-05-17,-0.01902405073080201
2006-05-18,-0.005045329128892397
2006-05-19,0.007051739164883928
2006-05-22,-0.007631785995279299
2006-05-23,-0.007611194799016838
2006-05-24,0.007989134776703682
2006-05-25,0.012364270428786576
2006-05-26,0.005088859312612475
2006-05-30,-0.017759775665991597
2006-05-31,0.011181601903251475
2006-06-01,0.009567877029252487
2006-06-02,0.002097413190398588
2006-06-05,-0.014573643410852677
2006-06-06,-0.0024386406544997033
2006-06-07,-0.007491522750571744
2006-06-08,-0.0008739869696488116
2006-06-09,-0.0031809145129225104
2006-06-12,-0.010849621061029114
2006-06-13,-0.011613839825792385
2006-06-14,0.007751937984496147
2006-06-15,0.021214574898785463
2006-06-16,-0.011655566127497612
2006-06-19,-0.007862013638186956
2006-06-20,0.0033961348750707666
2006-06-21,0.007413973728745279
2006-06-22,-0.004399648028157838
2006-06-23,-0.00016069419893938633
2006-06-26,0.00441980070716809
2006-06-27,-0.00864069125530041
2006-06-28,0.006779113872972346
2006-06-29,0.020200400801603173
2006-06-30,-0.0003142924491238473
2006-07-03,0.004480075453902328
2006-07-05,-0.005712050078247293
2006-07-06,0.002911780908160892
2006-07-07,-0.006512868801004381
2006-07-10,0.0018955848669141055
2006-07-11,0.004414662987780862
2006-07-12,-0.01067420139706459
2006-07-13,-0.016263387544625127
2006-07-14,-0.003870967741935516
2006-07-17,-0.0014572538860103028
2006-07-18,0.005107832009080553
2006-07-19,0.013874324433330636
2006-07-20,-0.00684223088551197
2006-07-21,-0.007049587438916891
2006-07-24,0.01823315853166592
2006-07-25,0.0035654860946042538
2006-07-26,0.0013421759039949606
2006-07-27,-0.000946148387605492
2006-07-28,0.010022886907110807
2006-07-31,-0.0010157837162057327
2006-08-01,-0.004927649589362499
2006-08-02,0.006759943405125088
2006-08-03,0.0026545908806993672
2006-08-04,-0.0017131287961376647
2006-08-07,-0.001950078003120014
2006-08-08,-0.0042203985932005176
2006-08-09,-0.003374931324071836
2006-08-10,0.0030713498188691176
2006-08-11,-0.002826411242835828
2006-08-14,0.0007873395795606197
2006-08-15,0.011958146487294439
2006-08-16,0.009018113970302392
2006-08-17,0.001849140919947678
2006-08-18,0.005075751749596221
2006-08-21,-0.004284949116229262
2006-08-22,-7.684623069231465e-05
2006-08-23,-0.0027666769136183034
2006-08-24,-0.0008477188655979132
2006-08-25,0.0012340917855765258
2006-08-28,0.004776211385871694
2006-08-29,0.001150042168212878
2006-08-30,0.0006126512482767964
2006-08-31,-0.00015306903413447293
2006-09-01,0.0059706062461726975
2006-09-05,0.0019022979759549538
2006-09-06,-0.008809903546745627
2006-09-07,-0.004597348862156113
2006-09-08,0.002848125625433027
2006-09-11,0.0009978507829290408
2006-09-12,0.009815198220995332
2006-09-13,0.004024603234869779
2006-09-14,7.563152321880884e-05
2006-09-15,-0.0020418966951522488
2006-09-18,0.0013640497120337859
2006-09-19,-0.002497351294081914
2006-09-20,0.005310674455655782
2006-09-21,-0.004829824164213919
2006-09-22,-0.0030332903617199185
2006-09-25,0.0076823609949037116
2006-09-26,0.00830314009661853
2006-09-27,0.0011977840994160545
2006-09-28,-0.0003738597278302031
2006-09-29,-0.0008227990126410743
2006-10-02,-0.0037430753106752505
2006-10-03,0.0021039975954313278
2006-10-04,0.011697660467906221
2006-10-05,0.0019270678920843415
2006-10-06,-0.0012575824826158892
2006-10-09,0.0005925487000963818
2006-10-10,0.001332445036642289
2006-10-11,-0.001182819546092974
2006-10-12,0.008659610687587797
2006-10-13,0.002568241855004361
2006-10-16,0.0015369977310986456
2006-10-17,-0.0031423560362467615
2006-10-18,0.0013195513525401865
2006-10-19,0.001610659638333691
2006-10-20,0.0002192822162122735
2006-10-23,0.004603916983338172
2006-10-24,0.002982468902305933
2006-10-25,0.0034087612416594058
2006-10-26,0.0031080592699675234
2006-10-27,-0.006268914829226146
2006-10-30,-0.0007251105793633117
2006-10-31,-0.00014512734924904022
2006-11-01,-0.006749401262791048
2006-11-02,-0.0005845389449072958
2006-11-03,-0.0017546424915924046
2006-11-06,0.011278746154973053
2006-11-07,0.0038383545770567865
2006-11-08,0.0021643460067814944
2006-11-09,-0.005255201209416095
2006-11-10,0.00043421623968738075
2006-11-13,0.002459490740740765
2006-11-14,0.007504690431519642
2006-11-15,0.002864919066036425
2006-11-16,0.0025710612769603283
2006-11-17,0.0002849408747684289
2006-11-20,0.0005697194131890935
2006-11-21,0.0009964412811386929
2006-11-22,0.0019908987485779375
2006-11-24,-0.0040448481407890525
2006-11-27,-0.013751335945849711
2006-11-28,0.004334633723450533
2006-11-29,0.010430153934685575
2006-11-30,0.00042713746707483645
2006-12-01,-0.0022059346758699374
2006-12-04,0.007630865782341985
2006-12-05,0.0043173614551632366
2006-12-06,-0.0008456659619450638
2006-12-07,-0.004372972210466953
2006-12-08,0.0018418815528477679
2006-12-11,0.0028991656059965
2006-12-12,-0.0007755763942749322
2006-12-13,0.001058425063505544
2006-12-14,0.008810883202932262
2006-12-15,-0.005449972051425385
2006-12-18,-0.0027399185049881607
2006-12-19,0.0019020781965481525
2006-12-20,-0.0005625087891999191
2006-12-21,-0.0036583649922610232
2006-12-22,-0.006143200112978425
2006-12-26,0.0058969804618118115
2006-12-27,0.006568724396100991
2006-12-28,-0.002105115430495986
2006-12-29,-0.004148794036987577
2007-01-03,-0.0017652873887868945
2007-01-04,0.0021220909669659965
2007-01-05,-0.007976282910990298
2007-01-08,0.004625017788529997
2007-01-09,-0.0008499185494723745
2007-01-10,0.0033316793081448848
2007-01-11,0.00438038716970471
2007-01-12,0.00759707371975248
2007-01-16,-0.001954761239877137
2007-01-17,0.0004196978175713645
2007-01-18,-0.0033561739616838077
2007-01-19,0.0019643608811561746
2007-01-22,-0.0030808010082621325
2007-01-23,0.002949852507374743
2007-01-24,0.008053221288515246
2007-01-25,-0.011740187565126766
2007-01-26,-0.0007029382820187988
2007-01-29,-0.0007737760270117137
2007-01-30,0.005209433298134323
2007-01-31,0.006723159885146075
2007-02-01,0.005982608695652269
2007-02-02,0.001383030219210211
2007-02-05,0.00027622401767828217
2007-02-06,0.00027614773904033167
2007-02-07,0.002208572020153369
2007-02-08,-0.0013084498312788218
2007-02-09,-0.007447248655357968
2007-02-12,-0.0034041961928581986
2007-02-13,0.008434994771697511
2007-02-14,0.0065671229088899285
2007-02-15,0.0013048554357530232
2007-02-16,-0.00048010973936914674
2007-02-20,0.0021272215741439805
2007-02-21,-0.00041084634346755873
2007-02-22,-0.0007535278805314785
2007-02-23,-0.003907588949064188
2007-02-26,-0.0008947006194082854
2007-02-27,-0.03905765654060748
2007-02-28,0.01025089605734772
2007-03-01,-0.002980202937628723
2007-03-02,-0.01309515336986694
2007-03-05,-0.009519001947068532
2007-03-06,0.017109574080815395
2007-03-07,-0.0010021474588402747
2007-03-08,0.008455144740613405
2007-03-09,0.0002842120221684812
2007-03-12,0.0014916891603921577
2007-03-13,-0.01943400241151861
2007-03-14,0.007450271247739611
2007-03-15,0.0013641585295806845
2007-03-16,-0.006739800673980051
2007-03-19,0.012055150508914945
2007-03-20,0.005492154065620616
2007-03-21,0.01645740228417389
2007-03-22,-0.0007676739479376456
2007-03-23,0.0014666852912416505
2007-03-26,-0.0013250575353929684
2007-03-27,-0.002374301675977479
2007-03-28,-0.0072798544029120844
2007-03-29,0.0010576787477084028
2007-03-30,0.00021131224906671225
2007-04-02,0.0011267605633802577
2007-04-03,0.010762521102982562
2007-04-04,0.00111350824692043
2007-04-05,0.002711157455683106
2007-04-09,0.0013865779256793443
2007-04-10,0.0011769592910552196
2007-04-11,-0.0040799391466703775
2007-04-12,0.004443827246215708
2007-04-13,0.004562422231439213
2007-04-16,0.00949628406275802
2007-04-17,0.0026584867075665633
2007-04-18,0.0012237405669998423
2007-04-19,-0.0002716099680859677
2007-04-20,0.009441010663587684
2007-04-23,-0.0037679989234288944
2007-04-24,0.0004052411184655023
2007-04-25,0.009181744531460877
2007-04-26,0.001137275889751244
2007-04-27,-0.0008018710324089846
2007-04-30,-0.008292650304286825
2007-05-01,0.00256254636185849
2007-05-02,0.005851886728997138
2007-05-03,0.00541661094021668
2007-05-04,0.00379115397406048
2007-05-07,0.00019878081102571655
2007-05-08,-0.0013249420337859467
2007-05-09,0.002719734660033145
2007-05-10,-0.01045250066155057
2007-05-11,0.00855729375584972
2007-05-14,-0.002187458570860483
2007-05-15,0.00026572776190787246
2007-05-16,0.0068406721126386474
2007-05-17,-0.0019788918205803623
2007-05-18,0.008724388631857191
2007-05-21,-0.000524177696239107
2007-05-22,-0.0007866789038940904
2007-05-23,0.00013121637580376744
2007-05-24,-0.009052742062450771
2007-05-25,0.004170528266913779
2007-05-29,0.003625815808557
2007-05-30,0.008145034156594722
2007-05-31,-0.0010424811050299492
2007-06-01,0.004956952778502605
2007-06-04,0.00012980269989603977
2007-06-05,-0.003958468526930469
2007-06-06,-0.01074988598605776
2007-06-07,-0.018045310853530092
2007-06-08,0.013011401743796095
2007-06-11,0.0017213983050848739
2007-06-12,-0.010905485789821583
2007-06-13,0.014968259271633682
2007-06-14,0.006386200539864556
2007-06-15,0.0013738060970821635
2007-06-18,-0.0011759325798654657
2007-06-19,0.002485447053437268
2007-06-20,-0.01389704443139573
2007-06-21,0.005557761016276323
2007-06-22,-0.009409132780628889
2007-06-25,-0.0047824642975755486
2007-06-26,-0.010278315424147503
2007-06-27,0.014228875851372403
2007-06-28,-0.00013297872340432336
2007-06-29,0.0003324910227424616
2007-07-02,0.009040749850428673
2007-07-03,0.0036234271032348072
2007-07-05,-0.0010502822633582552
2007-07-06,0.005256932579839551
2007-07-09,0.00013073604392737766
2007-07-10,-0.013594771241830146
2007-07-11,0.007089848926583764
2007-07-12,0.015790512533719173
2007-07-13,0.0029794675820973377
2007-07-16,-0.00012915724895047988
2007-07-17,-0.000516695730801605
2007-07-18,-0.0018093699515347409
2007-07-19,0.0038842493688094407
2007-07-20,-0.01012445992132581
2007-07-23,0.003061889250814325
2007-07-24,-0.017341040462427664
2007-07-25,0.0020489094514210327
2007-07-26,-0.023679176835301123
2007-07-27,-0.019659505472233458
2007-07-30,0.01564330507890553
2007-07-31,-0.011263400732799543
2007-08-01,0.004872357946747241
2007-08-02,0.007990165949600406
2007-08-03,-0.025745257452574413
2007-08-06,0.01675938803894295
2007-08-07,0.010669584843717954
2007-08-08,0.013940583338972742
2007-08-09,-0.029633584729360115
2007-08-10,-0.00467707545223178
2007-08-13,0.0035933936839194374
2007-08-14,-0.015286097913654198
2007-08-15,-0.013775260471295707
2007-08-16,0.007515598411798088
2007-08-17,0.018367346938775606
2007-08-20,-0.0004837260728354751
2007-08-21,0.002004977876106336
2007-08-22,0.011867798247429786
2007-08-23,-0.0008864643709512134
2007-08-24,0.012353262353262368
2007-08-27,-0.009303579855727256
2007-08-28,-0.021980265396393264
2007-08-29,0.019621486223211755
2007-08-30,-0.0026613893817386816
2007-08-31,0.009852890865549078
2007-09-04,0.010095534927840702
2007-09-05,-0.008653072176013016
2007-09-06,0.0023005616076866055
2007-09-07,-0.013906703571187486
2007-09-10,-0.0019168891627302058
2007-09-11,0.01166060772343794
2007-09-12,0.00257644586073629
2007-09-13,0.007033204842090972
2007-09-14,-6.715465717541405e-05
2007-09-17,-0.005372733378106188
2007-09-18,0.02943956785955445
2007-09-19,0.005903187721369577
2007-09-20,-0.007042253521126841
2007-09-21,-0.0020357236669293556
2007-09-24,-0.0018424689083371792
2007-09-25,-0.001977717713758398
2007-09-26,0.005284364885395412
2007-09-27,0.00591366055588413
2007-09-28,-0.0033313737017440126
2007-10-01,0.011272774937737573
2007-10-02,-0.0013609850939728318
2007-10-03,-0.0020118112791226053
2007-10-04,0.0015606710885681435
2007-10-05,0.011881573821581509
2007-10-08,-0.005325633622072404
2007-10-09,0.009418139594890849
2007-10-10,-0.0016615541922289808
2007-10-11,-0.0048009217769811804
2007-10-12,0.00553161381617041
2007-10-15,-0.008443676837459358
2007-10-16,-0.007934971937294302
2007-10-17,0.003056314215112491
2007-10-18,-0.00363047001620747
2007-10-19,-0.026156548897130656
2007-10-22,0.005812788133894599
2007-10-23,0.008104158363225714
2007-10-24,-0.0018450184501845094
2007-10-25,0.0023765513599155906
2007-10-26,0.011722866174920977
2007-10-29,0.0033198802239291164
2007-10-30,-0.006942191656393909
2007-10-31,0.01038808310466486
2007-11-01,-0.023407694794697734
2007-11-02,0.0011256041845990035
2007-11-05,-0.007605820105819956
2007-11-06,0.013462179273575353
2007-11-07,-0.02735582297626091
2007-11-08,-0.005070651071597593
2007-11-09,-0.013726556129383054
2007-11-12,-0.009921455146754842
2007-11-13,0.030480167014613948
2007-11-14,-0.00276877363587267
2007-11-15,-0.014424053633100804
2007-11-16,0.0017177408272639825
2007-11-19,-0.013924137457987524
2007-11-20,0.006121313299944321
2007-11-21,-0.020464601769911366
2007-11-23,0.017292490118576993
2007-11-26,-0.022063414972594234
2007-11-27,0.01149343738914512
2007-11-28,0.031984288419723665
2007-11-29,0.00033983551960858676
2007-11-30,0.010055714091588461
2007-12-03,-0.006592223866541032
2007-12-04,-0.008938244853737764
2007-12-05,0.016739546324132198
2007-12-06,0.01431355419662654
2007-12-07,-0.000198754471975627
2007-12-10,0.007752965343582373
2007-12-11,-0.027419779063650812
2007-12-12,0.009870867419376702
2007-12-13,-0.002075383276427678
2007-12-14,-0.012679457936401548
2007-12-17,-0.014269212475368585
2007-12-18,0.005583511408285671
2007-12-19,0.0
2007-12-20,0.006306553331505456
2007-12-21,0.009059945504087084
2007-12-24,0.0074259096739350185
2007-12-26,0.0021443409502112285
2007-12-27,-0.012571046472751746
2007-12-28,-0.002505586781336603
2007-12-31,-0.007399864222674836
2008-01-02,-0.008754531153819856
2008-01-03,-0.0004829917891395375
2008-01-04,-0.024506419991716218
2008-01-07,-0.000849196801358747
2008-01-08,-0.016148452439974512
2008-01-09,0.010510402418832394
2008-01-10,0.006554107002920763
2008-01-11,-0.008068511571944131
2008-01-14,0.00806278986799854
2008-01-15,-0.02201302378255955
2008-01-16,-0.008612578707389433
2008-01-17,-0.02591619214483854
2008-01-18,-0.010267556021884167
2008-01-22,-0.010146902922913852
2008-01-23,0.024020807833537446
2008-01-24,0.008441655460929294
2008-01-25,-0.014445514482554388
2008-01-28,0.016536380036079504
2008-01-29,0.004954155575273495
2008-01-30,-0.007357810315650063
2008-01-31,0.01823437847453864
2008-02-01,0.016087937686540058
2008-02-04,-0.012609256340450058
2008-02-05,-0.02677405311275575
2008-02-06,-0.008051889957503796
2008-02-07,0.0066140548665914725
2008-02-08,-0.00642126483984181
2008-02-11,0.005110092432554347
2008-02-12,0.009271028037383246
2008-02-13,0.010222979479961444
2008-02-14,-0.008799589352497009
2008-02-15,-0.0002219427387734049
2008-02-19,0.002811898771644398
2008-02-20,0.002951593860684602
2008-02-21,-0.008313713949381957
2008-02-22,0.006157726834334984
2008-02-25,0.012608759769945493
2008-02-26,0.007500182043253484
2008-02-27,-0.0010118531367448306
2008-02-28,-0.009767038055274159
2008-02-29,-0.022283919047271214
2008-03-03,-0.0023912718577192736
2008-03-04,-0.0038202247191010553
2008-03-05,0.006316264380780535
2008-03-06,-0.020697900321303222
2008-03-07,-0.010300625667633102
2008-03-10,-0.013183254953357551
2008-03-11,0.035937499999999956
2008-03-12,-0.0093514328808445
2008-03-13,0.002207673568818453
2008-03-14,-0.015495632358526334
2008-03-17,-0.010107244811357165
2008-03-18,0.04154325798908795
2008-03-19,-0.024769887001421853
2008-03-20,0.013505217925107577
2008-03-24,0.01998788612961831
2008-03-25,0.0009649643705462845
2008-03-26,-0.012235817575083468
2008-03-27,-0.0031531531531530594
2008-03-28,-0.009564693477933501
2008-03-31,0.003497832864421017
2008-04-01,0.0351595059483217
2008-04-02,0.0006588097503841226
2008-04-03,0.0024871982443306763
2008-04-04,-0.0010945709281961888
2008-04-07,0.000511359485718618
2008-04-08,-0.0010221962616823509
2008-04-09,-0.007235784242069732
2008-04-10,0.001398807332695264
2008-04-11,-0.019408910454345056
2008-04-14,-0.0033738191632927622
2008-04-15,0.0023320544647559035
2008-04-16,0.027093965776043116
2008-04-17,0.0014614541468762664
2008-04-18,0.010434148121123518
2008-04-21,0.0005054881571347603
2008-04-22,-0.00440274269216899
2008-04-23,-0.0015948963317384288
2008-04-24,0.0043566656985186926
2008-04-25,0.009253903990746104
2008-04-28,0.00021489971346705687
2008-04-29,-0.003938981594213156
2008-04-30,-0.00589588725913159
2008-05-01,0.020685664689715128
2008-05-02,0.002763605442176774
2008-05-05,-0.004805314112076733
2008-05-06,0.008662926933181842
2008-05-07,-0.01781063005983809
2008-05-08,-0.002580275229357896
2008-05-09,-0.0018683529749927486
2008-05-12,0.011231101511879065
2008-05-13,0.00014238929232508762
2008-05-14,0.0020643507972666606
2008-05-15,0.012502663919869225
2008-05-16,0.000912088683084231
2008-05-19,0.0027337726061966547
2008-05-20,-0.008109052778748864
2008-05-21,-0.016914511241102104
2008-05-22,0.0001433794537241509
2008-05-23,-0.013404057056841837
2008-05-27,0.007410636442894582
2008-05-28,0.004615606519544316
2008-05-29,0.005025125628140621
2008-05-30,0.0024999999999999593
2008-06-02,-0.010331314570715986
2008-06-03,-0.00583153347732183
2008-06-04,-0.000506915779564003
2008-06-05,0.019997101869294237
2008-06-06,-0.03189373490552642
2008-06-09,0.002421307506053361
2008-06-10,-0.004977309325135462
2008-06-11,-0.014712373105781962
2008-06-12,0.003807675078393243
2008-06-13,0.012644105615470563
2008-06-16,0.0005875872199778485
2008-06-17,-0.004844747852895813
2008-06-18,-0.009736667404292935
2008-06-19,0.0012662942271879887
2008-06-20,-0.02112780836185073
2008-06-23,-0.000987992096063413
2008-06-24,-0.0019779383796119506
2008-06-25,0.004725969967223146
2008-06-26,-0.027160306501782965
2008-06-27,-0.005458940965452614
2008-06-30,0.0035285815102329087
2008-07-01,0.0031254883575558014
2008-07-02,-0.017136625642623374
2008-07-03,0.0010302742114439328
2008-07-07,-0.010212968094371042
2008-07-08,0.017757158854583257
2008-07-09,-0.019254951273184443
2008-07-10,0.004086865934770341
2008-07-11,-0.011652035115722216
2008-07-14,-0.009043927648578847
2008-07-15,-0.014097131681877477
2008-07-16,0.024547483263079584
2008-07-17,0.010003226847370194
2008-07-18,0.006230031948881798
2008-07-21,0.0005556437529766088
2008-07-22,0.011344704482348329
2008-07-23,0.005412613743332158
2008-07-24,-0.020753686510103633
2008-07-25,-0.00023902477890208856
2008-07-28,-0.014663691424928302
2008-07-29,0.02135231316725979
2008-07-30,0.017817548305353183
2008-07-31,-0.01322648408931769
2008-08-01,-0.005282661830797144
2008-08-04,-0.009273937856689932
2008-08-05,0.026962156972557955
2008-08-06,0.004440635712059778
2008-08-07,-0.014891801752889178
2008-08-08,0.018581214077631678
2008-08-11,0.010357888227564376
2008-08-12,-0.010404712722821617
2008-08-13,-0.0060301507537688535
2008-08-14,0.007544528272536353
2008-08-15,0.004863362667901772
2008-08-18,-0.013674425750941088
2008-08-19,-0.010904276033958965
2008-08-20,0.004646035120875687
2008-08-21,0.0017244082144536673
2008-08-22,0.014475743348982852
2008-08-25,-0.020285383725414653
2008-08-26,0.002912927098094824
2008-08-27,0.009733888060287266
2008-08-28,0.012127808442820512
2008-08-29,-0.01075351409478459
2008-09-02,-0.006211662396148747
2008-09-03,-0.0008594421439174891
2008-09-04,-0.030106349702846376
2008-09-05,0.003144400548254459
2008-09-08,0.02065584311203981
2008-09-09,-0.029687376958815626
2008-09-10,0.004057782827463074
2008-09-11,0.014468153895894004
2008-09-12,0.00462114572544019
2008-09-15,-0.0475850582916964
2008-09-16,0.016737446914813815
2008-09-17,-0.04496314496314492
2008-09-18,0.02967155475516674
2008-09-19,0.033730323977679784
2008-09-22,-0.02263938124395748
2008-09-23,-0.022751628060341315
2008-09-24,0.0032053985660059864
2008-09-25,0.01563945177835701
2008-09-26,0.0004967298617434229
2008-09-29,-0.07836160529582126
2008-09-30,0.04138983659543903
2008-10-01,0.0006035003017502146
2008-10-02,-0.03627434085817687
2008-10-03,-0.013500223513634252
2008-10-06,-0.0509334783396774
2008-10-07,-0.04478609625668447
2008-10-08,-0.025192442267319762
2008-10-09,-0.06983899087273102
2008-10-10,-0.024255788313120207
2008-10-13,0.14519774011299427
2008-10-14,-0.01480019733596448
2008-10-15,-0.09844767150726089
2008-10-16,0.04165740946456343
2008-10-17,-0.005972059294017301
2008-10-20,0.06007939062332377
2008-10-21,-0.02985527780589012
2008-10-22,-0.054454412685165855
2008-10-23,0.011584289496910824
2008-10-24,-0.050714363616533885
2008-10-27,-0.03550091911764709
2008-10-28,0.11685527099463969
2008-10-29,-0.00725255972696253
2008-10-30,0.034593897722389334
2008-10-31,0.0055036344755971045
2008-11-03,0.0028916658060518553
2008-11-04,0.03398208217485323
2008-11-05,-0.04202768648540981
2008-11-06,-0.055411165401808904
2008-11-07,0.033017829627999117
2008-11-10,-0.01310462390794805
2008-11-11,-0.030875526287379895
2008-11-12,-0.044001336749470904
2008-11-13,0.06233978093684466
2008-11-14,-0.049906767577053826
2008-11-17,-0.013276379589009532
2008-11-18,0.01883701883701883
2008-11-19,-0.06407900780891133
2008-11-20,-0.07423312883435579
2008-11-21,0.053943008614976716
2008-11-24,0.06929074446680088
2008-11-25,0.0074091497118663465
2008-11-26,0.038641139388279275
2008-11-28,0.012588512981904065
2008-12-01,-0.08857808857808862
2008-12-02,0.03848495920107169
2008-12-03,0.024041280637973464
2008-12-04,-0.023133302794319698
2008-12-05,0.030832356389214652
2008-12-08,0.03491413624474005
2008-12-09,-0.016483516483516484
2008-12-10,0.0068156424581005525
2008-12-11,-0.024081677949173253
2008-12-12,0.011939959062997467
2008-12-15,-0.013934149904483594
2008-12-16,0.04706552706552701
2008-12-17,-0.00968654767087506
2008-12-18,-0.018683371799098677
2008-12-19,-0.012319408668384012
2008-12-22,-0.012813244131987702
2008-12-23,-0.0103376981392144
2008-12-24,0.005803156917363046
2008-12-26,0.005769674590353104
2008-12-29,-0.0028682882055988987
2008-12-30,0.023702680934299877
2008-12-31,0.014274474541980399
2009-01-02,0.030141843971631194
2009-01-05,-0.0011833046471600628
2009-01-06,0.006677436725902042
2009-01-07,-0.029956135658500024
2009-01-08,0.004102790338590492
2009-01-09,-0.021440653764196724
2009-01-12,-0.02402065327197217
2009-01-13,0.001840138010350737
2009-01-14,-0.03145448283779124
2009-01-15,0.0003555766267630809
2009-01-16,0.007819905213270101
2009-01-20,-0.05278626851634151
2009-01-21,0.043192255181829516
2009-01-22,-0.01546698393813203
2009-01-23,0.004350453172205431
2009-01-26,0.006858380459631902
2009-01-27,0.010157743785850791
2009-01-28,0.033834141724831415
2009-01-29,-0.03249799748254953
2009-01-30,-0.020342992312241265
2009-02-02,-0.003018230109863576
2009-02-03,0.014046984742068256
2009-02-04,-0.004896106997850449
2009-02-05,0.014880595223808891
2009-02-06,0.028485278467541755
2009-02-09,0.0013911403902090748
2009-02-10,-0.04580941446613083
2009-02-11,0.005895800745999217
2009-02-12,0.0007177033492823239
2009-02-13,-0.010757829309108194
2009-02-17,-0.04277428709521515
2009-02-18,-0.002398384246402395
2009-02-19,-0.010742755915475183
2009-02-20,-0.009733822795819901
2009-02-23,-0.03577886850942904
2009-02-24,0.03791024782317479
2009-02-25,-0.007847186370676357
2009-02-26,-0.01628681444479128
2009-02-27,-0.022348585030415202
2009-03-02,-0.04504260787231181
2009-03-03,-0.007507082152974521
2009-03-04,0.023690595119166703
2009-03-05,-0.040847623030810076
2009-03-06,0.001744186046511694
2009-03-09,-0.011752756819500903
2009-03-10,0.059609455292908564
2009-03-11,0.0065124012747678935
2009-03-12,0.039372246696035236
2009-03-13,0.007814569536423887
2009-03-16,-0.003022736233407859
2009-03-17,0.030582652254152482
2009-03-18,0.02238424149398823
2009-03-19,-0.01238583760790703
2009-03-20,-0.028249303268305093
2009-03-23,0.07182896623647511
2009-03-24,-0.01970323522257364
2009-03-25,0.010545905707196136
2009-03-26,0.020380601596071166
2009-03-27,-0.018048369630610035
2009-03-30,-0.034554588898419225
2009-03-31,0.009265135169437616
2009-04-01,0.01936619718309867
2009-04-02,0.029237601776461935
2009-04-03,0.009948459786647467
2009-04-06,-0.007832898172323887
2009-04-07,-0.023325358851674506
2009-04-08,0.010777709736680898
2009-04-09,0.039743123712589375
2009-04-13,0.00023307306840689921
2009-04-14,-0.01724338809274151
2009-04-15,0.010669828097214057
2009-04-16,0.01466275659824047
2009-04-17,0.0067052023121387085
2009-04-20,-0.041915480018373814
2009-04-21,0.019537336689440195
2009-04-22,-0.006113331765812321
2009-04-23,0.009817837709959762
2009-04-24,0.015110694623403913
2009-04-27,-0.009462266328179012
2009-04-28,-0.0031453867660765403
2009-04-29,0.021269136379572368
2009-04-30,0.0003432887058015921
2009-05-01,0.005376344086021492
2009-05-04,0.034019797474115314
2009-05-05,-0.0034110915492958
2009-05-06,0.01734569945898214
2009-05-07,-0.01390260578895395
2009-05-08,0.023332599603786093
2009-05-11,-0.018713701871370284
2009-05-12,-0.002959228408592679
2009-05-13,-0.025173134000219765
2009-05-14,0.0085701398285971
2009-05-15,-0.008161896243291637
2009-05-18,0.02840716942847492
2009-05-19,-0.0012057437246519723
2009-05-20,-0.006694468832309036
2009-05-21,-0.014363053806209383
2009-05-22,-0.0021298060755520426
2009-05-26,0.025612221972590443
2009-05-27,-0.017853231106243105
2009-05-28,0.013940002230400357
2009-05-29,0.017707875054993393
2009-06-01,0.024208364854641683
2009-06-02,0.0008441489922971225
2009-06-03,-0.012651555086979321
2009-06-04,0.009396689802455904
2009-06-05,0.00021157304559394922
2009-06-08,-0.004124801692226341
2009-06-09,0.005097706032285514
2009-06-10,-0.0025359256128486356
2009-06-11,0.004449152542372749
2009-06-12,0.002742037544821822
2009-06-15,-0.02292806058056366
2009-06-16,-0.013562970936490905
2009-06-17,-0.0009821038847665148
2009-06-18,0.007307482250136504
2009-06-19,-0.001941031674600547
2009-06-22,-0.029986962190352073
2009-06-23,0.0007840501792113931
2009-06-24,0.008595411303861229
2009-06-25,0.021771455203178094
2009-06-26,-0.002606429192006895
2009-06-29,0.009364111498257834
2009-06-30,-0.008090614886731391
2009-07-01,0.00413268080478516
2009-07-02,-0.02729340409401057
2009-07-06,-0.00011134617525893681
2009-07-07,-0.01937639198218257
2009-07-08,-0.0006813536225301189
2009-07-09,0.0019318181818182012
2009-07-10,-0.0023817625042532376
2009-07-13,0.024351978171896434
2009-07-14,0.00563805464917533
2009-07-15,0.029246220064010658
2009-07-16,-0.0016084066051898528
2009-07-17,0.010954784663301428
2009-07-20,0.010634229257410015
2009-07-21,0.004614689218025596
2009-07-22,-0.00020927069163959424
2009-07-23,0.02209314495028785
2009-07-24,0.004085561278299433
2009-07-27,0.0029573730369160927
2009-07-28,-0.0046771733604473184
2009-07-29,-0.002431300439268562
2009-07-30,0.010424773686150829
2009-07-31,0.0014188709840883811
2009-08-03,0.016496306041898546
2009-08-04,0.0025886101154918868
2009-08-05,-0.0028798411122145607
2009-08-06,-0.005178767055074156
2009-08-07,0.013134447892682068
2009-08-10,-0.0020948202604693334
2009-08-11,-0.012476482820081106
2009-08-12,0.010728968214178212
2009-08-13,0.00763888888888885
2009-08-14,-0.007679432903416235
2009-08-17,-0.02460561563647191
2009-08-18,0.007934086054317986
2009-08-19,0.008779897063275713
2009-08-20,0.010304121648659476
2009-08-21,0.01960590157441335
2009-08-24,-9.711566475677494e-05
2009-08-25,0.0019425019425019703
2009-08-26,9.693679720826984e-05
2009-08-27,0.002229330231656528
2009-08-28,-0.00019342359767901578
2009-08-31,-0.008899206809827837
2009-09-01,-0.02205738824907272
2009-09-02,-0.003792415169660775
2009-09-03,0.008314966940493013
2009-09-04,0.014008941877794303
2009-09-08,0.008622378992749319
2009-09-09,0.007674373421410591
2009-09-10,0.010218837366239297
2009-09-11,-0.00019085790628886563
2009-09-14,0.004867805669561947
2009-09-15,0.0041793313069908595
2009-09-16,0.015134317063942436
2009-09-17,-0.0014908684308609448
2009-09-18,-0.0041060097051138274
2009-09-21,-0.002529985007496215
2009-09-22,0.005824330671676752
2009-09-23,-0.0083123190436162
2009-09-24,-0.01101902429836129
2009-09-25,-0.005332825445195717
2009-09-28,0.01790330301579694
2009-09-29,-0.0030097817908201017
2009-09-30,-0.0038679245283018545
2009-10-01,-0.024528837958140006
2009-10-02,-0.004951456310679662
2009-10-05,0.014928285686408442
2009-10-06,0.014324168429148328
2009-10-07,0.0027485546393706
2009-10-08,0.007655954631379984
2009-10-09,0.0060969890254198075
2009-10-12,0.003915718814096604
2009-10-13,-0.0020430906389302846
2009-10-14,0.01721570817048212
2009-10-15,0.0036593175372792194
2009-10-16,-0.0074742502962354684
2009-10-19,0.008265221783451241
2009-10-20,-0.0052737043446580536
2009-10-21,-0.008982611641684396
2009-10-22,0.010163540607964467
2009-10-23,-0.01143327540473795
2009-10-26,-0.010825314581791281
2009-10-27,-0.004583294359741791
2009-10-28,-0.01888742717534303
2009-10-29,0.021453883727612387
2009-10-30,-0.028973277074542926
2009-11-02,0.007338740826573879
2009-11-03,0.0031633435582823287
2009-11-04,0.0025800286669851505
2009-11-05,0.01839592070148681
2009-11-06,0.002619557679403181
2009-11-09,0.02277606646130867
2009-11-10,0.00018253171488555474
2009-11-11,0.005109955287891252
2009-11-12,-0.010167952791647793
2009-11-13,0.005411354673025804
2009-11-16,0.01450465243568682
2009-11-17,0.0011599676288104029
2009-11-18,-0.0006197289359523852
2009-11-19,-0.013031365147838616
2009-11-20,-0.0035512657075212747
2009-11-23,0.012702184044594592
2009-11-24,0.0015340191301209322
2009-11-25,0.0035138300747815173
2009-11-27,-0.016250673370443548
2009-11-30,0.0033768367253810766
2009-12-01,0.012370383845734032
2009-12-02,-0.00044923629829287656
2009-12-03,-0.007820224719101165
2009-12-04,0.005707555716615417
2009-12-07,-0.001531393568147029
2009-12-08,-0.011097076867556874
2009-12-09,0.003749657877930858
2009-12-10,0.005626198634806081
2009-12-11,0.004248011569052773
2009-12-14,0.006840068400684053
2009-12-15,-0.004648252435863146
2009-12-16,0.0015267175572519238
2009-12-17,-0.012015781922525011
2009-12-18,0.0002722817208203569
2009-12-21,0.010162417203520593
2009-12-22,0.0035929219437708226
2009-12-23,0.001969032489036059
2009-12-24,0.004734256364448425
2009-12-28,0.0021337126600284037
2009-12-29,-0.0014017033356989624
2009-12-30,-0.00037312769851295994
2009-12-31,-0.009598293636686796
2010-01-04,0.01695979899497488
2010-01-05,0.0026471366804905775
2010-01-06,0.0007040394262078527
2010-01-07,0.004221264620525934
2010-01-08,0.003327787021630576
2010-01-11,0.0013965261412238004
2010-01-12,-0.009326244225573148
2010-01-13,0.008446243181418336
2010-01-14,0.002704589076949941
2010-01-15,-0.011224223440355053
2010-01-19,0.01249560014079551
2010-01-20,-0.010168607682948042
2010-01-21,-0.01922908069189567
2010-01-22,-0.022291853178155855
2010-01-25,0.0051277355553520955
2010-01-26,-0.004190580304272513
2010-01-27,0.00475711279846305
2010-01-28,-0.011472275334608078
2010-01-29,-0.010868564060053354
2010-02-01,0.015550796163516171
2010-02-02,0.012103429304969679
2010-02-03,-0.004982786736727643
2010-02-04,-0.030865883638350182
2010-02-05,0.0020668921458098354
2010-02-08,-0.007219201200074968
2010-02-09,0.012560203985267715
2010-02-10,-0.001958589815332902
2010-02-11,0.01046631155966723
2010-02-12,-0.0008323314528806918
2010-02-16,0.01573491299518686
2010-02-17,0.004738472753781759
2010-02-18,0.005895156901868233
2010-02-19,0.002073753493823857
2010-02-22,0.00017995321216480133
2010-02-23,-0.012144656351205419
2010-02-24,0.009197705127037527
2010-02-25,-0.001353546291283085
2010-02-26,0.0006325110689436448
2010-03-01,0.010384684847390335
2010-03-02,0.0027705782464921107
2010-03-03,0.0008912655971478994
2010-03-04,0.0030365093499555495
2010-03-05,0.014284319208813795
2010-03-08,0.00017505470459515117
2010-03-09,0.0016627286251859432
2010-03-10,0.004455705049799101
2010-03-11,0.0041750021744803335
2010-03-12,8.661758336934521e-05
2010-03-15,0.00025983024424043946
2010-03-16,0.00796605766733052
2010-03-17,0.005927325831114146
2010-03-18,-0.000533731853116994
2010-03-19,-0.009121008223859835
2010-03-22,0.005367767526084352
2010-03-23,0.007011600231575749
2010-03-24,-0.0048547823865087575
2010-03-25,-0.0016261554262238765
2010-03-26,-0.00058294042005999
2010-03-29,0.00633030828086656
2010-03-30,0.0006818956699626024
2010-03-31,-0.003407155025553711
2010-04-01,0.006837606837606813
2010-04-05,0.008149405772495823
2010-04-06,0.002357696194004725
2010-04-07,-0.005712365591397907
2010-04-08,0.0034851301115241154
2010-04-09,0.0065461281020438526
2010-04-12,0.001589293182768697
2010-04-13,0.0007516285284783984
2010-04-14,0.011349411666527576
2010-04-15,0.0008251505899827422
2010-04-16,-0.01591227636243719
2010-04-19,0.003770107238605922
2010-04-20,0.008930807111259436
2010-04-21,-0.0018199867637326182
2010-04-22,0.0029835902536051668
2010-04-23,0.006548504379441448
2010-04-26,-0.0037968188814777276
2010-04-27,-0.023650597445405774
2010-04-28,0.007596218771100535
2010-04-29,0.012376444965655941
2010-04-30,-0.01692075378027844
2010-05-03,0.012940557601262446
2010-05-04,-0.023514748649771485
2010-05-05,-0.005956432947583415
2010-05-06,-0.03319637048450596
2010-05-07,-0.014892599741460236
2010-05-10,0.04404098507999273
2010-05-11,-0.0028409090909090762
2010-05-12,0.013986013986014026
2010-05-13,-0.012430821626223993
2010-05-14,-0.018105009052504478
2010-05-17,0.0005268241285451073
2010-05-18,-0.01360245721807808
2010-05-19,-0.005693950177935948
2010-05-20,-0.0377594846098783
2010-05-21,0.01464571322298669
2010-05-24,-0.012876323145305422
2010-05-25,0.0010026924148176038
2010-05-26,-0.006010128178968226
2010-05-27,0.033498180460949926
2010-05-28,-0.012558685446009438
2010-06-01,-0.016814636688641194
2010-06-02,0.02603924486189898
2010-06-03,0.003444212816097122
2010-06-04,-0.03513684400686479
2010-06-07,-0.01245085190039317
2010-06-08,0.010711915821404964
2010-06-09,-0.0053460889138999
2010-06-10,0.029231494578029312
2010-06-11,0.004855703160787917
2010-06-14,-0.0015590809628009343
2010-06-15,0.022746988831968146
2010-06-16,-0.000357142857142913
2010-06-17,0.001607717041800704
2010-06-18,-0.003665061530230082
2010-06-21,-0.0028551226628717933
2010-06-22,-0.0165155731083386
2010-06-23,-0.0031030391530527447
2010-06-24,-0.01657053922914952
2010-06-25,0.0041658908955502245
2010-06-28,-0.0031288386214569325
2010-06-29,-0.03087510462196603
2010-06-30,-0.009500047980040255
2010-07-01,-0.004456500678163086
2010-07-02,-0.0054495912806539724
2010-07-06,0.006555772994129175
2010-07-07,0.031471760474385116
2010-07-08,0.009919185731451546
2010-07-09,0.007465472191116062
2010-07-12,0.0006483882919600536
2010-07-13,0.015088401369989776
2010-07-14,-8.207185847151314e-05
2010-07-15,0.0002644754721798831
2010-07-16,-0.02753464624361789
2010-07-19,0.005906619163697822
2010-07-20,0.011091434430049377
2010-07-21,-0.012997787610619567
2010-07-22,0.02233118520594009
2010-07-23,0.008669754524442477
2010-07-26,0.010415723213477092
2010-07-27,-8.963786303339114e-05
2010-07-28,-0.006454504706409672
2010-07-29,-0.004872326987277741
2010-07-30,-0.00018134010336395167
2010-08-02,0.022580937698376796
2010-08-03,-0.004788932245477175
2010-08-04,0.006683300659418998
2010-08-05,-0.0010622289103302165
2010-08-06,-0.00405848471422228
2010-08-09,0.005338458253256409
2010-08-10,-0.005460563579722497
2010-08-11,-0.027363737486095687
2010-08-12,-0.0061299176578225225
2010-08-13,-0.0029457792506673405
2010-08-16,-0.00046163789123808657
2010-08-17,0.012285239238869372
2010-08-18,0.0018249840313897512
2010-08-19,-0.017396848529010026
2010-08-20,-0.003244345569150856
2010-08-23,-0.0037794103970985302
2010-08-24,-0.014876273762270827
2010-08-25,0.003885151141855364
2010-08-26,-0.006701906739663902
2010-08-27,0.01548987931198323
2010-08-30,-0.014495601721879022
2010-08-31,-9.495684211571201e-06
2010-09-01,0.02991168929826219
2010-09-02,0.009312188825373458
2010-09-03,0.01297159039006122
2010-09-07,-0.011272432139958518
2010-09-08,0.007022984312294747
2010-09-09,0.0046191468164116034
2010-09-10,0.005066714749369021
2010-09-13,0.011104931737858894
2010-09-14,-0.000621007806955227
2010-09-15,0.0038171327119395702
2010-09-16,-0.0002652989034312092
2010-09-17,-0.004953560371517048
2010-09-20,0.015290248022046395
2010-09-21,-0.002013834165134312
2010-09-22,-0.004913142656606442
2010-09-23,-0.008129077764062874
2010-09-24,0.020640366939856734
2010-09-27,-0.004790106253265957
2010-09-28,0.0035004813161810247
2010-09-29,-0.0017441353449027892
2010-09-30,-0.0029702105355115175
2010-10-01,0.0042057303075440635
2010-10-04,-0.007503708227903319
2010-10-05,0.020131868131868187
2010-10-06,-8.617718028270524e-05
2010-10-07,-0.001206584504007589
2010-10-08,0.005587194753645644
2010-10-11,0.000965354499624682
2010-10-12,0.0030861551650235696
2010-10-13,0.0077771130672591796
2010-10-14,-0.0039009497964722518
2010-10-15,0.0020432487655372817
2010-10-18,0.004927782497875941
2010-10-19,-0.01310449780182615
2010-10-20,0.00976612695965048
2010-10-21,0.0022058199711545846
2010-10-22,0.0018369592821468972
2010-10-25,0.0029827541044554944
2010-10-26,0.00016849199663012654
2010-10-27,-0.0028638814016172793
2010-10-28,0.00016894745734085347
2010-10-29,0.0007601351351350439
2010-11-01,0.0003375812304836379
2010-11-02,0.007972665148063723
2010-11-03,0.003975727139569019
2010-11-04,0.019258024176740326
2010-11-05,0.0038033698674954128
2010-11-08,-0.0019148502750050882
2010-11-09,-0.0071842599395868685
2010-11-10,0.004029273908395649
2010-11-11,-0.00380835380835372
2010-11-12,-0.011814033789616572
2010-11-15,-0.0013976938052213195
2010-11-16,-0.015579438473714942
2010-11-17,0.000490859851049363
2010-11-18,0.014714341301663087
2010-11-19,0.002771815017818896
2010-11-22,-0.0008313242996093484
2010-11-23,-0.014497878359264436
2010-11-24,0.014795584541674562
2010-11-26,-0.011647254575707202
2010-11-29,0.003047138047138123
2010-11-30,-0.00561840183951259
2010-12-01,0.02124607042639828
2010-12-02,0.01280885877200229
2010-12-03,0.0026925587467362786
2010-12-06,-0.001057856619741195
2010-12-07,0.0005702183121537404
2010-12-08,0.0036636000976960257
2010-12-09,0.003893575600259604
2010-12-10,0.005817711700064632
2010-12-13,0.000642673521850886
2010-12-14,0.0008831085420680751
2010-12-15,-0.004588112617309719
2010-12-16,0.005817982562168562
2010-12-17,-0.004165999038615575
2010-12-20,0.0024135156878519483
2010-12-21,0.006340288924558638
2010-12-22,0.0031102958768641884
2010-12-23,-0.0014310701224360535
2010-12-27,0.00039808917197461284
2010-12-28,0.001432550736171847
2010-12-29,0.0007152507351188382
2010-12-30,-0.0015883100381194634
2010-12-31,0.00023862551702196258
2011-01-03,0.01033797216699799
2011-01-04,-0.00055096418732777
2011-01-05,0.005197668924240011
2011-01-06,-0.0019586336571607646
2011-01-07,-0.0019624774315095375
2011-01-10,-0.0012584552461852806
2011-01-11,0.00354386517561823
2011-01-12,0.009024562504904698
2011-01-13,-0.001652667599937826
2011-01-14,0.007264299764348487
2011-01-18,0.0017014694508893956
2011-01-19,-0.009805435453984018
2011-01-20,-0.0013255360623780701
2011-01-21,0.0022642098688319175
2011-01-24,0.005686686920620003
2011-01-25,0.0005422153369480494
2011-01-26,0.00387086784857165
2011-01-27,0.002467802884244788
2011-01-28,-0.01746288176013547
2011-01-31,0.007516442217350517
2011-02-01,0.01600870376126828
2011-02-02,-0.0019504359798072162
2011-02-03,0.0022607962601064297
2011-02-04,0.0028291787735128045
2011-02-07,0.006252382767823051
2011-02-08,0.00454648783814499
2011-02-09,-0.002270498604510732
2011-02-10,0.0003931382258880954
2011-02-11,0.005962772349060359
2011-02-14,0.002404026744797484
2011-02-15,-0.0031477179045193426
2011-02-16,0.006315314637997169
2011-02-17,0.002988419872992198
2011-02-18,0.0020856610800744965
2011-02-22,-0.02006987289080494
2011-02-23,-0.006144276720018222
2011-02-24,-0.000686918027782044
2011-02-25,0.010692736576796804
2011-02-28,0.006196629638026095
2011-03-01,-0.016672925272249332
2011-03-02,0.0021385473153593608
2011-03-03,0.01722429692858769
2011-03-04,-0.007492320371619091
2011-03-07,-0.007850834151128498
2011-03-08,0.00874990489233817
2011-03-09,-0.001433096998039117
2011-03-10,-0.018524813052345244
2011-03-11,0.006945646945646972
2011-03-14,-0.006037908896361908
2011-03-15,-0.011457131872356854
2011-03-16,-0.01855164903546986
2011-03-17,0.013275212997820465
2011-03-18,-0.0007039499413374205
2011-03-21,0.015497808390732655
2011-03-22,-0.003468475412363319
2011-03-23,0.0028617835872844347
2011-03-24,0.009563473700447394
2011-03-25,0.003055767761650158
2011-03-28,-0.0024371667936026013
2011-03-29,0.006718582989769613
2011-03-30,0.006901258910966149
2011-03-31,-0.0013557279505912994
2011-04-01,0.004223546270457819
2011-04-04,0.0008261359369131447
2011-04-05,-0.00015008254539983348
2011-04-06,0.0031522065445811127
2011-04-07,-0.002543767768966059
2011-04-08,-0.003450345034503297
2011-04-11,-0.003010687942194834
2011-04-12,-0.007473954401328771
2011-04-13,-7.6062980147493e-05
2011-04-14,0.0007606876616460848
2011-04-15,0.0036485253876557444
2011-04-18,-0.011208724628900256
2011-04-19,0.005744485294117647
2011-04-20,0.013631863529053325
2011-04-21,0.00510894064613078
2011-04-25,-0.001046494244281767
2011-04-26,0.00861269081113447
2011-04-27,0.006521206905505492
2011-04-28,0.003243163558635116
2011-04-29,0.0023510396003232174
2011-05-02,-0.0015392508978964155
2011-05-03,-0.0035971223021583404
2011-05-04,-0.006630811169232869
2011-05-05,-0.009048431358006368
2011-05-06,0.004415837137938589
2011-05-09,0.0038748137108793614
2011-05-10,0.008536223277909781
2011-05-11,-0.010524766320747824
2011-05-12,0.004760487950014987
2011-05-13,-0.0076991412496299995
2011-05-16,-0.006341390629662745
2011-05-17,-0.00015016142353037188
2011-05-18,0.008935946534504965
2011-05-19,0.0023816612086930123
2011-05-20,-0.007944757944757894
2011-05-23,-0.011600928074246024
2011-05-24,-0.0008329547175527309
2011-05-25,0.003334596438044697
2011-05-26,0.004607598761235846
2011-05-27,0.003834586466165345
2011-05-31,0.010411205153172159
2011-06-01,-0.02246108228317273
2011-06-02,-0.0010616516266020685
2011-06-03,-0.009944583618006547
2011-06-06,-0.010542861524306089
2011-06-07,-0.000658684954860549
2011-06-08,-0.004187344913151523
2011-06-09,0.007631210091886141
2011-06-10,-0.013910355486862529
2011-06-13,0.0007836990595611954
2011-06-14,0.012685982772122085
2011-06-15,-0.017785338694710773
2011-06-16,0.002204377263423092
2011-06-17,-0.0019638648860958365
2011-06-20,0.005116096025186979
2011-06-21,0.013703993735317038
2011-06-22,-0.006025492468134424
2011-06-23,-0.00286780135229635
2011-06-24,-0.011621109734140916
2011-06-27,0.008910969166469485
2011-06-28,0.013052993590745786
2011-06-29,0.008564154000462813
2011-06-30,0.009562423500611995
2011-07-01,0.014776085473971272
2011-07-05,-0.0008213859020309531
2011-07-06,0.0011957252821164083
2011-07-07,0.010375457191908747
2011-07-08,-0.007092198581560342
2011-07-11,-0.018080357142857193
2011-07-12,-0.00431916344623773
2011-07-13,0.003348554033485523
2011-07-14,-0.006902305825242693
2011-07-15,0.005804628427403887
2011-07-18,-0.008201078289923183
2011-07-19,0.01623152897940415
2011-07-20,-0.0006027273412188962
2011-07-21,0.013871089332830783
2011-07-22,0.0006691947356681047
2011-07-25,-0.0055728934462773065
2011-07-26,-0.003736083090487932
2011-07-27,-0.02047551188779733
2011-07-28,-0.0029096477794792915
2011-07-29,-0.006834587620949058
2011-08-01,-0.004252686924920833
2011-08-02,-0.0255474452554745
2011-08-03,0.005418758466810159
2011-08-04,-0.0468415629705952
2011-08-05,-0.001496757026442764
2011-08-08,-0.06512325116588935
2011-08-09,0.04649919828968465
2011-08-10,-0.04417773237997955
2011-08-11,0.04488378306171513
2011-08-12,0.006733145828006531
2011-08-15,0.021164917033525226
2011-08-16,-0.008539214060686463
2011-08-17,0.0006689522535328898
2011-08-18,-0.04311857608423161
2011-08-19,-0.016330451488952968
2011-08-22,0.0007990056818182121
2011-08-23,0.032910494100949116
2011-08-24,0.014084507042253527
2011-08-25,-0.015243902439024366
2011-08-26,0.014533883728930148
2011-08-29,0.02873611935237773
2011-08-30,0.0026367831245880636
2011-08-31,0.004437869822485141
2011-09-01,-0.010472917689412544
2011-09-02,-0.025549859434430326
2011-09-06,-0.007297411964361472
2011-09-07,0.028207539105906586
2011-09-08,-0.010391553745115968
2011-09-09,-0.026209677419354874
2011-09-12,0.006469979296066252
2011-09-13,0.009171166538098853
2011-09-14,0.013844063190079919
2011-09-15,0.017257267320097195
2011-09-16,0.0007494029482005598
2011-09-19,-0.00996535578212818
2011-09-20,-0.0011636605435957157
2011-09-21,-0.029458267454439597
2011-09-22,-0.03232444482551656
2011-09-23,0.006025163919900822
2011-09-26,0.02378016558041209
2011-09-27,0.011183757742601613
2011-09-28,-0.02037604219840063
2011-09-29,0.007859655217334675
2011-09-30,-0.0249892287806979
2011-10-03,-0.028457799381352174
2011-10-04,0.02192304193577728
2011-10-05,0.018515221648566834
2011-10-06,0.018091242789722017
2011-10-07,-0.006695853721349482
2011-10-10,0.03344568317345091
2011-10-11,0.0010035122930256277
2011-10-12,0.008771929824561379
2011-10-13,-0.0019875776397515104
2011-10-14,0.017094017094016995
2011-10-17,-0.019091131598270288
2011-10-18,0.019545870415037796
2011-10-19,-0.011829009626366477
2011-10-20,0.004375464377115505
2011-10-21,0.018987341772151917
2011-10-24,0.012261030894571236
2011-10-25,-0.01945174914335806
2011-10-26,0.010166681565880298
2011-10-27,0.034030571198712826
2011-10-28,0.000544619933089498
2011-10-31,-0.02410575427682733
2011-11-01,-0.027872509960159286
2011-11-02,0.016294814839100877
2011-11-03,0.018227276393257563
2011-11-04,-0.006091089108910821
2011-11-07,0.006208111188147977
2011-11-08,0.012830666877870983
2011-11-09,-0.03690178292148885
2011-11-10,0.009410446488742312
2011-11-11,0.01882239382239385
2011-11-14,-0.009474182851729062
2011-11-15,0.004965726127849551
2011-11-16,-0.015886360572004158
2011-11-17,-0.015917150225660818
2011-11-18,-0.0010318987756439521
2011-11-21,-0.019003271054853686
2011-11-22,-0.003936119537694016
2011-11-23,-0.022065609531000886
2011-11-25,-0.0018874399450926464
2011-11-28,0.028966821385593866
2011-11-29,0.0028401971430958434
2011-11-30,0.04114952103290294
2011-12-01,-0.0001600128010240501
2011-12-02,-0.0008802112507001635
2011-12-05,0.010892199263174751
2011-12-06,0.0003169069877991305
2011-12-07,0.0037224774275304833
2011-12-08,-0.02193640022094217
2011-12-09,0.01694231544977809
2011-12-12,-0.014597381991273332
2011-12-13,-0.00933902262297719
2011-12-14,-0.010646078829744025
2011-12-15,0.003655331033349823
2011-12-16,-0.004869664852477791
2011-12-19,-0.010691668722756781
2011-12-20,0.030260204505777707
2011-12-21,0.0019365770999757513
2011-12-22,0.008858822581944063
2011-12-23,0.008940688113674499
2011-12-27,0.0007912018355882136
2011-12-28,-0.013123567080401586
2011-12-29,0.010334054313866909
2011-12-30,-0.0049159530605772635
2012-01-03,0.01589641434262952
2012-01-04,0.0016079061923996885
2012-01-05,0.0026624902114329614
2012-01-06,-0.002577319587628853
2012-01-09,0.0024273745203979053
2012-01-10,0.008670520231213757
2012-01-11,0.0005420893673042142
2012-01-12,0.002399380804953578
2012-01-13,-0.005173345687591596
2012-01-17,0.00388078236572493
2012-01-18,0.011056131127261533
2012-01-19,0.005276439550355568
2012-01-20,0.0006085501293167814
2012-01-23,0.0005321575186256774
2012-01-24,-0.001139731023478502
2012-01-25,0.008367564278107366
2012-01-26,-0.005129752564876334
2012-01-27,-0.0004549590536851856
2012-01-30,-0.003413746017296227
2012-01-31,-0.00038060439978694806
2012-02-01,0.008757234236978417
2012-02-02,0.0015852645882087112
2012-02-03,0.014018691588784934
2012-02-06,-0.0006689460383529316
2012-02-07,0.0025288211230941127
2012-02-08,0.0029675791972698694
2012-02-09,0.0012574894592796502
2012-02-10,-0.007380319148936344
2012-02-13,0.007435193248040903
2012-02-14,-0.001255910165484751
2012-02-15,-0.004660107996153528
2012-02-16,0.011065695600475656
2012-02-17,0.002653455740211174
2012-02-21,0.0004398504508467288
2012-02-22,-0.0032094965926576405
2012-02-23,0.004403375676311379
2012-02-24,0.002188375990807405
2012-02-27,0.0016796903527348992
2012-02-28,0.0029090113735783093
2012-02-29,-0.003918318685073222
2012-03-01,0.005181725295577138
2012-03-02,-0.003034923400856589
2012-03-05,-0.0040928687951527305
2012-03-06,-0.014625228519195612
2012-03-07,0.006975881261595531
2012-03-08,0.009949148795047493
2012-03-09,0.003867483946293062
2012-03-12,7.269026677341955e-05
2012-03-13,0.018040412850705036
2012-03-14,-0.0010852336822265512
2012-03-15,0.005789436066042472
2012-03-16,-0.002984650369528052
2012-03-19,0.0039201710620098565
2012-03-20,-0.0029108981185658263
2012-03-21,-0.0016377100541155637
2012-03-22,-0.007203480493545533
2012-03-23,0.003232758620689778
2012-03-26,0.014035087719298301
2012-03-27,-0.0031071252030225698
2012-03-28,-0.0049585606006941185
2012-03-29,-0.0017085498682993458
2012-03-30,0.004136062183555677
2012-04-02,0.007314821390526249
2012-04-03,-0.004089114495205954
2012-04-04,-0.009910802775024617
2012-04-05,-0.0005005005005006549
2012-04-09,-0.011231132412905024
2012-04-10,-0.016784835769063762
2012-04-11,0.00809418690213388
2012-04-12,0.013065693430656876
2012-04-13,-0.011888464586785833
2012-04-16,-0.0006562636721596544
2012-04-17,0.014826705581904284
2012-04-18,-0.0033936814253460548
2012-04-19,-0.0064208931534522375
2012-04-20,0.0016700551844321069
2012-04-23,-0.008408843783979679
2012-04-24,0.0038014474742306473
2012-04-25,0.013691646638992028
2012-04-26,0.006968891443350807
2012-04-27,0.0016409817351597444
2012-04-30,-0.0037039675190539347
2012-05-01,0.0062200614856652925
2012-05-02,-0.002948699729998724
2012-05-03,-0.007660787457687431
2012-05-04,-0.01615798922800718
2012-05-07,0.0007299270072992286
2012-05-08,-0.004011670313639555
2012-05-09,-0.00593189307945809
2012-05-10,0.002062767054663335
2012-05-11,-0.00301426260843991
2012-05-14,-0.011061131185015853
2012-05-15,-0.005741555439564612
2012-05-16,-0.0038323083845807383
2012-05-17,-0.014823570154107868
2012-05-18,-0.008558765092465264
2012-05-21,0.01718822259904416
2012-05-22,0.0017428203379555183
2012-05-23,0.0005295007564298155
2012-05-24,0.0019656762682391388
2012-05-25,-0.003244548404134964
2012-05-29,0.012112036336108967
2012-05-30,-0.014510097232610306
2012-05-31,-0.002200971463266485
2012-06-01,-0.0251768464288431
2012-06-04,-0.00046816479400750837
2012-06-05,0.007572209211553466
2012-06-06,0.022468427984814486
2012-06-07,0.0006061983784194325
2012-06-08,0.007951533510033948
2012-06-11,-0.012659654395191603
2012-06-12,0.011452269527831644
2012-06-13,-0.006394823954258159
2012-06-14,0.010600439161051002
2012-06-15,0.0050198546489846965
2012-06-18,0.0019382734456539388
2012-06-19,0.00967261904761892
2012-06-20,-0.0016212232866617455
2012-06-21,-0.02243873634484789
2012-06-22,0.007701600724856616
2012-06-25,-0.0160347669713773
2012-06-26,0.0050258909533962585
2012-06-27,0.00903924837096539
2012-06-28,-0.0028759583399038074
2012-06-29,0.02496422923412906
2012-07-02,0.0029756438044157172
2012-07-03,0.006607574536664093
2012-07-05,-0.004526533344977252
2012-07-06,-0.009503618685576308
2012-07-09,-0.001254705144291209
2012-07-10,-0.008720070942950095
2012-07-11,0.00014909795735806047
2012-07-12,-0.00484496124031012
2012-07-13,0.016777769455471568
2012-07-16,-0.002357274401473246
2012-07-17,0.0068670161707155486
2012-07-18,0.007406864183044814
2012-07-19,0.0026206595326489423
2012-07-20,-0.009148333696362383
2012-07-23,-0.010112112552209243
2012-07-24,-0.00862388037604554
2012-07-25,0.0002613403024080387
2012-07-26,0.016497461928933855
2012-07-27,0.018396122493941573
2012-07-30,3.6055525509251504e-05
2012-07-31,-0.006994519757715595
2012-08-01,-0.0008713964127514671
2012-08-02,-0.006904571553165325
2012-08-03,0.01982581967213117
2012-08-06,0.0019447574076600122
2012-08-07,0.005013608365563591
2012-08-08,0.0012115165336375137
2012-08-09,0.0008541533205210658
2012-08-10,0.0016357300334257146
2012-08-13,-0.0004970178926440868
2012-08-14,0.0001420757263620218
2012-08-15,0.0011364443497407246
2012-08-16,0.0073785030152537815
2012-08-17,0.0013381224029861097
2012-08-20,7.033338022218951e-05
2012-08-21,-0.0030241226527885703
2012-08-22,0.00042325056433410187
2012-08-23,-0.008144126357354401
2012-08-24,0.006007180179859943
2012-08-27,0.00021199915200340003
2012-08-28,-0.000989119683481605
2012-08-29,0.0007779349363506734
2012-08-30,-0.007207971168115199
2012-08-31,0.004769022706242348
2012-09-04,-0.0009209407764238839
2012-09-05,-0.0008508827908955864
2012-09-06,0.02029664324746302
2012-09-07,0.0038951102455310723
2012-09-10,-0.005681424513268354
2012-09-11,0.002787262211692605
2012-09-12,0.00333541796956424
2012-09-13,0.015236512223838336
2012-09-14,0.00443413602564981
2012-09-17,-0.003395816354251562
2012-09-18,-0.0008177729317159912
2012-09-19,0.0005456281544126591
2012-09-20,6.816632583516924e-05
2012-09-21,-0.005725581078317793
2012-09-24,-0.0015424693219990011
2012-09-25,-0.010607985169418901
2012-09-26,-0.005586398334489985
2012-09-27,0.009386231201367801
2012-09-28,-0.00463219026548664
2012-10-01,0.0026047093144405085
2012-10-02,0.001073816204232922
2012-10-03,0.004083044982698986
2012-10-04,0.00713350334275275
2012-10-05,0.00010265183917869193
2012-10-08,-0.0034076912549609313
2012-10-09,-0.009900990099009951
2012-10-10,-0.006380027739250954
2012-10-11,0.000558347292015721
2012-10-12,-0.0032784598214287614
2012-10-15,0.008328084540555857
2012-10-16,0.01013325930038853
2012-10-17,0.00453483578397689
2012-10-18,-0.0025991792065663166
2012-10-19,-0.016667123851323493
2012-10-22,0.00014226973225390884
2012-10-23,-0.013876298723938422
2012-10-24,-0.0028284542497523497
2012-10-25,0.0029073890228336163
2012-10-26,-0.0005656508520116842
2012-10-31,0.0
2012-11-01,0.010470463388751456
2012-11-02,-0.008891689420990058
2012-11-05,0.0020387115004238654
2012-11-06,0.007835114340219102
2012-11-07,-0.02266368214885289
2012-11-08,-0.012024048096192433
2012-11-09,0.0008693132425384276
2012-11-12,0.000759988419224014
2012-11-13,-0.003435431960365923
2012-11-14,-0.013499528267653594
2012-11-15,-0.0016913129488068104
2012-11-16,0.004937361827560913
2012-11-19,0.020239055510742763
2012-11-20,0.0004312513476604778
2012-11-21,0.0018679502837846893
2012-11-23,0.013624955181068526
2012-11-26,-0.002122391227449473
2012-11-27,-0.005104572846508322
2012-11-28,0.008052447801610456
2012-11-29,0.0046656298600310795
2012-11-30,0.0002462707571066464
2012-12-03,-0.004959375329745788
2012-12-04,-0.0014139271827500082
2012-12-05,0.0017699115044247787
2012-12-06,0.0033922261484098217
2012-12-07,0.0030638118044795204
2012-12-10,0.00040726047115818365
2012-12-11,0.006787250917717835
2012-12-12,0.00048800892359169814
2012-12-13,-0.006131976865723612
2012-12-14,-0.0036801514407908743
2012-12-17,0.01171597641463971
2012-12-18,0.011128886415802978
2012-12-19,-0.007429318291256879
2012-12-20,0.005752304386998493
2012-12-21,-0.01605567805953702
2012-12-24,-0.0030814482806919095
2012-12-26,-0.004214963119072669
2012-12-27,-0.0013291005291005394
2012-12-28,-0.010819318233193164
2012-12-31,0.016996357923302115
2013-01-02,0.025630222596727797
2013-01-03,-0.002231274818567644
2013-01-04,0.004363426267428092
2013-01-07,-0.002736216437794588
2013-01-08,-0.002876628336741666
2013-01-09,0.0025448369490537206
2013-01-10,0.007949561403508944
2013-01-11,-6.799020940997638e-05
2013-01-14,-0.000679948323927343
2013-01-15,0.0006804109682247691
2013-01-16,-0.00013598966478535262
2013-01-17,0.006460387623257318
2013-01-18,0.002229729729729814
2013-01-22,0.005393379626508345
2013-01-23,0.0016093341380004633
2013-01-24,0.00026779139050674193
2013-01-25,0.005622113647011602
2013-01-28,-0.001198003327787067
2013-01-29,0.003931498633970836
2013-01-30,-0.003916102482410749
2013-01-31,-0.0024655160924902018
2013-02-01,0.010287241148964734
2013-02-04,-0.011273472626289423
2013-02-05,0.010131407362824855
2013-02-06,0.000728235683548396
2013-02-07,-0.0013231013495633014
2013-02-08,0.005564387917329116
2013-02-11,-0.0001976284584980312
2013-02-12,0.0016472293602161163
2013-02-13,0.0008617287199052771
2013-02-14,0.0009135661283854958
2013-02-15,-0.0011819554796767904
2013-02-19,0.007494576293471739
2013-02-20,-0.012463295269168003
2013-02-21,-0.006079027355623205
2013-02-22,0.009772636617471074
2013-02-25,-0.01902692738165769
2013-02-26,0.006845637583892686
2013-02-27,0.012598320223970045
2013-02-28,-0.0019748535316962868
2013-03-01,0.0032979354923817687
2013-03-04,0.005325093682203496
2013-03-05,0.00895893277530738
2013-03-06,0.0013610733035193984
2013-03-07,0.0017864077669903589
2013-03-08,0.0042900708120121155
2013-03-11,0.003795676788471458
2013-03-12,-0.0022431583669806723
2013-03-13,0.0014452723535456982
2013-03-14,0.005291684038356619
2013-03-15,-0.005742359471702784
2013-03-18,-0.00551883462747875
2013-03-19,-0.002323030263921954
2013-03-20,0.006985317896643063
2013-03-21,-0.008549039758494373
2013-03-22,0.008039699661179364
2013-03-25,-0.004177377892030885
2013-03-26,0.008002581477896155
2013-03-27,0.0
2013-03-28,0.0030731801011587797
2013-04-01,-0.003957362609306033
2013-04-02,0.004934315924383093
2013-04-03,-0.010139012881010098
2013-04-04,0.004058493847838845
2013-04-05,-0.004504042089054449
2013-04-08,0.00678018535944019
2013-04-09,0.003456884962550362
2013-04-10,0.012248803827751117
2013-04-11,0.0032772420747463936
2013-04-12,-0.0024499026320747934
2013-04-15,-0.023186397984886753
2013-04-16,0.014775848064054473
2013-04-17,-0.014611524045486202
2013-04-18,-0.00625362645864243
2013-04-19,0.008693395614376563
2013-04-22,0.0044378698224851925
2013-04-23,0.010309278350515552
2013-04-24,0.0006337938902268622
2013-04-25,0.004053711679756871
2013-04-26,-0.0017663386323492375
2013-04-29,0.006698685540950469
2013-04-30,0.0023854362837413398
2013-05-01,-0.008767535070140315
2013-05-02,0.009287338893100827
2013-05-03,0.010128325508607167
2013-05-06,0.0025531703931387026
2013-05-07,0.005067993571516812
2013-05-08,0.0045516633159061745
2013-05-09,-0.0028100893841067906
2013-05-10,0.003247769844242093
2013-05-13,0.0007955449482895505
2013-05-14,0.010333863275039733
2013-05-15,0.005356170187012161
2013-05-16,-0.004665442615055869
2013-05-17,0.009677029152050286
2013-05-20,-5.9901761111722205e-05
2013-05-21,0.0014377283891450349
2013-05-22,-0.00741759885146845
2013-05-23,-0.002892786114626759
2013-05-24,-0.0008582653369597819
2013-05-28,0.006000919495729297
2013-05-29,-0.006494287432351247
2013-05-30,0.0036920469676795403
2013-05-31,-0.014382198637158651
2013-06-03,0.005537030805469737
2013-06-04,-0.004806814724672905
2013-06-05,-0.013988750305698107
2013-06-06,0.009040627015228743
2013-06-07,0.012720457199041491
2013-06-10,0.0
2013-06-11,-0.010327669902912782
2013-06-12,-0.008264969527523237
2013-06-13,0.015208655332302985
2013-06-14,-0.006302904817002597
2013-06-17,0.007752413053470117
2013-06-18,0.007875212843590464
2013-06-19,-0.01378706971973346
2013-06-20,-0.02477821963903324
2013-06-21,-0.0020702634880803796
2013-06-24,-0.012635946438674741
2013-06-25,0.00964599516108485
2013-06-26,0.009869147091281715
2013-06-27,0.0058698638691146885
2013-06-28,-0.0040973429351876395
2013-07-01,0.0058596185014339
2013-07-02,-0.0009295984134854094
2013-07-03,0.000434216239687322
2013-07-05,0.010788690476190533
2013-07-08,0.005674150410992411
2013-07-09,0.007228033791820442
2013-07-10,0.00037546175740332967
2013-07-11,0.013608407186788648
2013-07-12,0.0004180602006688556
2013-07-15,0.0038505163870814294
2013-07-16,-0.003746543367726178
2013-07-17,0.002537531711684741
2013-07-18,0.005477222103470094
2013-07-19,0.0017765144785928996
2013-07-22,0.0019507004788083735
2013-07-23,-0.002123893805309815
2013-07-24,-0.003665602459500864
2013-07-25,0.002432945644433875
2013-07-26,0.0010655301012253999
2013-07-29,-0.003074921648631129
2013-07-30,-1.1863099828041697e-05
2013-07-31,0.0007236576743304037
2013-08-01,0.01155829529962651
2013-08-02,0.0016992851283252786
2013-08-05,-0.0014624159110851126
2013-08-06,-0.005682483889865255
2013-08-07,-0.003240440699935091
2013-08-08,0.003664735784371702
2013-08-09,-0.002885747938751526
2013-08-12,-0.0011753588092848165
2013-08-13,0.0029507246719611595
2013-08-14,-0.0051294145392371
2013-08-15,-0.013986013986014066
2013-08-16,-0.0033056857795407076
2013-08-19,-0.006392088283181585
2013-08-20,0.004915943436305166
2013-08-21,-0.006160164271047289
2013-08-22,0.009115216334467671
2013-08-23,0.0033722750812959306
2013-08-26,-0.0037210418917297114
2013-08-27,-0.016084337349397515
2013-08-28,0.0035510928794464216
2013-08-29,0.0015862363492159777
2013-08-30,-0.0031674483766825964
2013-09-03,0.004521845401771956
2013-09-04,0.008273009307135554
2013-09-05,0.0012669683257919033
2013-09-06,0.0004820438659917093
2013-09-09,0.009600096362322468
2013-09-10,0.007373205912881575
2013-09-11,0.0031385089121809743
2013-09-12,-0.0026564344746163935
2013-09-13,0.002249186149748588
2013-09-16,0.0057875155022736055
2013-09-17,0.0044624508249661845
2013-09-18,0.01158005494826676
2013-09-19,-0.0016815851974273297
2013-09-20,-0.011808288955776755
2013-09-23,-0.004627460168697236
2013-09-24,-0.0023539104337080307
2013-09-25,-0.002890343891936584
2013-09-26,0.0038452437292948753
2013-09-27,-0.0046025104602509135
2013-09-30,-0.005322392530889587
2013-10-01,0.007916195464555756
2013-10-02,-0.0009448446911538715
2013-10-03,-0.009220948102612614
2013-10-04,0.00757666149624139
2013-10-07,-0.008644679969210608
2013-10-08,-0.01164665830496337
2013-10-09,0.0007251631617114126
2013-10-10,0.021557971014492715
2013-10-11,0.0064432227936395544
2013-10-14,0.0039938916950546625
2013-10-15,-0.007254007254007307
2013-10-16,0.01396582203889219
2013-10-17,0.006683326553147008
2013-10-18,0.006742870338298155
2013-10-21,6.881207422529334e-05
2013-10-22,0.005791284403669672
2013-10-23,-0.0047887805712331305
2013-10-24,0.0033224494472132242
2013-10-25,0.004567513559805783
2013-10-28,0.0015913611821540277
2013-10-29,0.005333938602962026
2013-10-30,-0.004966980865835048
2013-10-31,-0.0028362357479153667
2013-11-01,0.0023892144035497806
2013-11-04,0.0035185290278645057
2013-11-05,-0.003166883447378851
2013-11-06,0.0051058035967548486
2013-11-07,-0.012643224022125534
2013-11-08,0.013491110730006204
2013-11-11,0.00016921428168538067
2013-11-12,-0.0020302278366793663
2013-11-13,0.008024412296564124
2013-11-14,0.004989348581679643
2013-11-15,0.004350978970268316
2013-11-18,-0.0034990280477646424
2013-11-19,-0.002173670716753909
2013-11-20,-0.0031279673797687665
2013-11-21,0.008068582955118494
2013-11-22,0.005002501250625345
2013-11-25,-0.0009955201592832632
2013-11-26,0.0002768089464652127
2013-11-27,0.0024352446313925043
2013-11-29,-0.0006625441696113325
2013-12-02,-0.0025966850828729217
2013-12-03,-0.004320611532709251
2013-12-04,-0.00011126564673162855
2013-12-05,-0.004395482112056931
2013-12-06,0.011176930814798256
2013-12-09,0.002542279208577473
2013-12-10,-0.00358324145534733
2013-12-11,-0.011230982019363768
2013-12-12,-0.0033012533572068232
2013-12-13,-0.00011227755010375462
2013-12-16,0.006209645724552053
2013-12-17,-0.003158200160699793
2013-12-18,0.0170724881052336
2013-12-19,-0.0011557512383047856
2013-12-20,0.00038569618160776446
2013-12-23,0.005342586472791357
2013-12-24,0.002191420588396459
2013-12-26,0.0050565790192969055
2013-12-27,-5.439068831411115e-05
2013-12-30,-0.00013598411705515888
2013-12-31,0.004732890871504758
2014-01-02,-0.009583626617575452
2014-01-03,-0.0001913404767111119
2014-01-06,-0.002870656423435368
2014-01-07,0.0061416977407324855
2014-01-08,0.00021800741225212812
2014-01-09,0.0006538796861376206
2014-01-10,0.0027227183620126337
2014-01-13,-0.01333224720321486
2014-01-14,0.0109255029308968
2014-01-15,0.005390101813034296
2014-01-16,-0.00129968590923865
2014-01-17,-0.004256588222535498
2014-01-21,0.0029678438206225174
2014-01-22,0.0006515365403409954
2014-01-23,-0.00819316332067292
2014-01-24,-0.021335959297554604
2014-01-27,-0.004919224104198086
2014-01-28,0.005954721644851426
2014-01-29,-0.009605182330932032
2014-01-30,0.010600507471102315
2014-01-31,-0.005858394242035278
2014-02-03,-0.02250533168705814
2014-02-04,0.006975943044152285
2014-02-05,-0.0012258745046611935
2014-02-06,0.013187189587258105
2014-02-07,0.012395762902862392
2014-02-10,0.0018365983971504012
2014-02-11,0.010943836453530354
2014-02-12,0.0004945598417408694
2014-02-13,0.005162849453506881
2014-02-14,0.0055188241079723475
2014-02-18,0.0011955222258450105
2014-02-19,-0.006621797655232299
2014-02-20,0.0059009944268385095
2014-02-21,-0.001140684410646431
2014-02-24,0.0055467942791887015
2014-02-25,-0.0003785625439402584
2014-02-26,5.4100843973116776e-05
2014-02-27,0.005247497971328098
2014-02-28,0.0025293294586158587
2014-03-03,-0.007032046808739075
2014-03-04,0.014055573575521802
2014-03-05,0.0009062799872053923
2014-03-06,0.002290279627163818
2014-03-07,0.0004251248804335428
2014-03-10,-0.0005311802825878802
2014-03-11,-0.004942602040816363
2014-03-12,0.00026705122042413806
2014-03-13,-0.01121315677061082
2014-03-14,-0.0028080786262015887
2014-03-17,0.009043647785118682
2014-03-18,0.007137873665002866
2014-03-19,-0.005328786102525845
2014-03-20,0.005823422265080989
2014-03-21,-0.008239812087543479
2014-03-24,-0.004135338345864564
2014-03-25,0.004745726150029636
2014-03-26,-0.007192313885459736
2014-03-27,-0.0021084500189219135
2014-03-28,0.00493011160472422
2014-03-31,0.008194511833521925
2014-04-01,0.0066306614619539555
2014-04-02,0.003346613545816709
2014-04-03,-0.0013235916984328674
2014-04-04,-0.011822085564332237
2014-04-07,-0.01105150214592276
2014-04-08,0.004122816534664158
2014-04-09,0.010750945434900103
2014-04-10,-0.021032658078999424
2014-04-11,-0.008981463787502444
2014-04-14,0.007878904743540357
2014-04-15,0.006886953707798277
2014-04-16,0.010450597176981604
2014-04-17,0.0014237743451980462
2014-04-21,0.003487311551048907
2014-04-22,0.00454448246364411
2014-04-23,-0.002341795731545041
2014-04-24,0.002027207255268199
2014-04-25,-0.008198903263589524
2014-04-28,0.003140265177948403
2014-04-29,0.0046822742474916385
2014-04-30,0.0029826897470040066
2014-05-01,7.965588656994507e-05
2014-05-02,-0.0014071419089339513
2014-05-05,0.0019142826757417059
2014-05-06,-0.008703959239995682
2014-05-07,0.005889281507656036
2014-05-08,-0.0010911219927612523
2014-05-09,0.00151858265618754
2014-05-12,0.009709512662268507
2014-05-13,0.0009220960560635002
2014-05-14,-0.0047378395451674335
2014-05-15,-0.008780281392150622
2014-05-16,0.0034685165421558467
2014-05-19,0.0036692369050784243
2014-05-20,-0.006304969799724476
2014-05-21,0.008424420154625347
2014-05-22,0.0024321894992862473
2014-05-23,0.004008650245266052
2014-05-27,0.006146572104018996
2014-05-28,-0.0007309941520468608
2014-05-29,0.005172954331696149
2014-05-30,0.001611477881166514
2014-06-02,0.0011158397342744624
2014-06-03,-0.0004924959174680467
2014-06-04,0.0020228215767634145
2014-06-05,0.00652207671204509
2014-06-06,0.00475700694265884
2014-06-09,0.0010492642354447217
2014-06-10,0.0001022599447795368
2014-06-11,-0.0034764826175869472
2014-06-12,-0.007079827621588321
2014-06-13,0.0030484654335021363
2014-06-16,0.0008241899757894019
2014-06-17,0.0027793504555047636
2014-06-18,0.007314068675255263
2014-06-19,0.0011464676059208393
2014-06-20,-0.0027483713355048456
2014-06-23,-0.00030621618862918383
2014-06-24,-0.006024096385542204
2014-06-25,0.0045197740112995575
2014-06-26,-0.0007158196134574843
2014-06-27,0.0019443307408923223
2014-06-30,-0.000510673067102412
2014-07-01,0.006693235234007778
2014-07-02,0.001015073846622284
2014-07-03,0.0049181159052882365
2014-07-07,-0.003481331987891008
2014-07-08,-0.006430054174472087
2014-07-09,0.0044843049327354025
2014-07-10,-0.003956980519480525
2014-07-11,0.0013751655291841206
2014-07-14,0.005035349168404357
2014-07-15,-0.0018724696356275535
2014-07-16,0.0037012624854232024
2014-07-17,-0.011365932511618508
2014-07-18,0.010218690920239111
2014-07-21,-0.0018709230038556552
2014-07-22,0.004357960879699935
2014-07-23,0.002219979818365276
2014-07-24,5.034232782933612e-05
2014-07-25,-0.004681600805436732
2014-07-28,0.0004046125834514086
2014-07-29,-0.004297269969666445
2014-07-30,0.0001523229246001581
2014-07-31,-0.01974819778657725
2014-08-01,-0.003055569941478085
2014-08-04,0.00722077922077915
2014-08-05,-0.009696219505905388
2014-08-06,0.00031248372480601155
2014-08-07,-0.005414692560004124
2014-08-08,0.011568863529288634
2014-08-11,0.002872076174704918
2014-08-12,-0.0013674243401531844
2014-08-13,0.006768976386090024
2014-08-14,0.004721823034284477
2014-08-15,-0.00020433183489983677
2014-08-18,0.008379317392193004
2014-08-19,0.005218889339278337
2014-08-20,0.002671505620242962
2014-08-21,0.0029157450231249373
2014-08-22,-0.00155388471177946
2014-08-25,0.005070535669461273
2014-08-26,0.0006493506493507686
2014-08-27,-0.0003993410872061723
2014-08-28,-0.0005493133583021905
2014-08-29,0.002848006395523242
2014-09-02,-0.0004982312789596647
2014-09-03,-0.0005483276008175745
2014-09-04,-0.001445885286782986
2014-09-05,0.004494778235463657
2014-09-08,-0.0025856496444732245
2014-09-09,-0.006331322598334963
2014-09-10,0.003762793497892836
2014-09-11,0.001149597640825802
2014-09-12,-0.005841238142785901
2014-09-15,-0.0007482549088535174
2014-09-16,0.007533382584266815
2014-09-17,0.0013467677573823337
2014-09-18,0.0053300124533000905
2014-09-19,-0.005549499554058094
2014-09-22,-0.007722969606377594
2014-09-23,-0.005724328395681721
2014-09-24,0.007827887480430338
2014-09-25,-0.016135498095810778
2014-09-26,0.00794540083528574
2014-09-29,-0.0018191005558363497
2014-09-30,-0.0026323782525057298
2014-10-01,-0.013551923662572407
2014-10-02,0.0001543606894777522
2014-10-03,0.011009363103199993
2014-10-06,-0.0011703643395075218
2014-10-07,-0.015436344184624796
2014-10-08,0.01748939252820033
2014-10-09,-0.019833197721724864
2014-10-10,-0.011414340562415777
2014-10-13,-0.016427521780203624
2014-10-14,0.0015479438386125565
2014-10-15,-0.006766116142780937
2014-10-16,-0.0008582309714101625
2014-10-17,0.011810812261770486
2014-10-20,0.009709768132859408
2014-10-21,0.019810825013137055
2014-10-22,-0.007110836296181767
2014-10-23,0.011624889719238201
2014-10-24,0.007695070025137228
2014-10-27,-0.0013745354579239944
2014-10-28,0.011470228384991843
2014-10-29,-0.0015120205634795774
2014-10-30,0.006410579980818645
2014-10-31,0.011435449894673494
2014-11-03,0.000545472577605939
2014-11-04,-0.003469296723992749
2014-11-05,0.006316208285671708
2014-11-06,0.00400316299298212
2014-11-07,0.0009352695052916452
2014-11-10,0.0031474377889248862
2014-11-11,0.0009559760760859968
2014-11-12,-0.0010530182441533165
2014-11-13,0.00112767209256712
2014-11-14,0.0002448699740438384
2014-11-17,0.0006365060712886577
2014-11-18,0.005773841561873106
2014-11-19,-0.0016054487959134638
2014-11-20,0.001754214988792582
2014-11-21,0.005350715050102122
2014-11-24,0.0028062705631893945
2014-11-25,-0.0007237286500047152
2014-11-26,0.0025590266042198476
2014-11-28,-0.002119052205740694
2014-12-01,-0.006949806949806939
2014-12-02,0.006439541213063847
2014-12-03,0.003887292657604261
2014-12-04,-0.0011063543219971609
2014-12-05,0.001637291726861232
2014-12-08,-0.006682692307692242
2014-12-09,-0.00067760514979921
2014-12-10,-0.01603090037293553
2014-12-11,0.005069400930596105
2014-12-12,-0.016161418286889717
2014-12-15,-0.006869431031907987
2014-12-16,-0.00801964813793792
2014-12-17,0.019604870900914534
2014-12-18,0.02472867832895589
2014-12-19,-0.0012573749879098118
2014-12-22,0.004600038737168258
2014-12-23,0.0013495927121993595
2014-12-24,9.626955475335852e-05
2014-12-26,0.003224719641911669
2014-12-29,0.0013433122241412452
2014-12-30,-0.005366040628593353
2014-12-31,-0.009922928709055888
2015-01-02,-0.0005351756349128404
2015-01-05,-0.018059679696246934
2015-01-06,-0.00941899662899071
2015-01-07,0.012461215093584272
2015-01-08,0.017745044733330054
2015-01-09,-0.008013598834385651
2015-01-12,-0.007833537331701319
2015-01-13,-0.002812731310140603
2015-01-14,-0.006037212984956447
2015-01-15,-0.00916110723887288
2015-01-16,0.01311476892511748
2015-01-20,0.0021078212567574835
2015-01-21,0.0050728761970750815
2015-01-22,0.014870986803230164
2015-01-23,-0.005482775351770963
2015-01-26,0.0023418061179684333
2015-01-27,-0.013190557313214795
2015-01-28,-0.012824306994179848
2015-01-29,0.009244528829819132
2015-01-30,-0.012575857640618202
2015-02-02,0.012384056154424663
2015-02-03,0.014461172741679953
2015-02-04,-0.0038078500292911596
2015-02-05,0.010095070077428218
2015-02-06,-0.002765379390646192
2015-02-09,-0.004475796643152595
2015-02-10,0.010653374383032824
2015-02-11,0.0005802427348774457
2015-02-12,0.009616778620789546
2015-02-13,0.004116408194524285
2015-02-17,0.0015730765563924708
2015-02-18,9.518823473410028e-05
2015-02-19,-0.000713843810974186
2015-02-20,0.005995809124678611
2015-02-23,-0.00014201922940366665
2015-02-24,0.0028455226813251288
2015-02-25,-0.0008498182333223494
2015-02-26,-0.0011813069980626566
2015-02-27,-0.003406187908032921
2015-03-02,0.006313490933257441
2015-03-03,-0.0041039671682626755
2015-03-04,-0.004215138309965951
2015-03-05,0.0010935636714248572
2015-03-06,-0.014064430295543133
2015-03-09,0.0041445783132530774
2015-03-10,-0.01622192359378011
2015-03-11,-0.0023416918723777433
2015-03-12,0.01271393643031782
2015-03-13,-0.0061458232737807315
2015-03-16,0.013374325647922177
2015-03-17,-0.002972480582989762
2015-03-18,0.012021542604346989
2015-03-19,-0.004561436852608609
2015-03-20,0.004343675417661082
2015-03-23,-0.001948576588565166
2015-03-24,-0.005619047619047652
2015-03-25,-0.014653768796092339
2015-03-26,-0.0023814152410574487
2015-03-27,0.002289667267501334
2015-03-30,0.012199863905900606
2015-03-31,-0.008739495798319294
2015-04-01,-0.0035363077072131867
2015-04-02,0.0035731648031113936
2015-04-06,0.006757575023615231
2015-04-07,-0.0026463936871482046
2015-04-08,0.0033529525279814413
2015-04-09,0.00444764995792769
2015-04-10,0.005457156534226838
2015-04-13,-0.004522948009902821
2015-04-14,0.0019130517958774005
2015-04-15,0.004487087689149829
2015-04-16,-0.00028513044717959547
2015-04-17,-0.011503541379474335
2015-04-20,0.009136811733589833
2015-04-21,-0.0011913271384322134
2015-04-22,0.004914122137404586
2015-04-23,0.002516260741584775
2015-04-24,0.002320041674559603
2015-04-27,-0.004157337187496862
2015-04-28,0.0031788205152535345
2015-04-29,-0.004114642451759386
2015-04-30,-0.010020420762691672
2015-05-01,0.01084140842367836
2015-05-04,0.002847380410022752
2015-05-05,-0.011451826613666418
2015-05-06,-0.004116802297750185
2015-05-07,0.003989617381272893
2015-05-08,0.01316608416718533
2015-05-11,-0.0047963330498063264
2015-05-12,-0.0029676408442344676
2015-05-13,0.00019049433279369685
2015-05-14,0.010427578325873715
2015-05-15,0.0010838320531548454
2015-05-18,0.003106759555639223
2015-05-19,-0.000328484279680869
2015-05-20,-0.0007041261794113772
2015-05-21,0.002912438932732077
2015-05-22,-0.0023887587822013626
2015-05-26,-0.010751678482557963
2015-05-27,0.009492168960607499
2015-05-28,-0.001128349788434324
2015-05-29,-0.006212934199378808
2015-06-01,0.002036563417637619
2015-06-02,-0.0009925792881787566
2015-06-03,0.0026495079485237215
2015-06-04,-0.008450358625896518
2015-06-05,-0.0017094244874105412
2015-06-08,-0.006149592410735665
2015-06-09,-0.00014389869531850123
2015-06-10,0.011993283761093787
2015-06-11,0.0032235126807300635
2015-06-12,-0.007654869347446036
2015-06-15,-0.004285510213799235
2015-06-16,0.0054516761513078585
2015-06-17,0.0016171224732461518
2015-06-18,0.010399354195355894
2015-06-19,-0.009258388946329537
2015-06-22,0.005123096627294645
2015-06-23,0.0007079144839303681
2015-06-24,-0.007262780607432523
2015-06-25,-0.0030403800475058734
2015-06-26,-0.0001906032593158318
2015-06-29,-0.020970355542846278
2015-06-30,0.002093272320124656
2015-07-01,0.008015545299975738
2015-07-02,-0.0009156626506023987
2015-07-06,-0.002845979451063641
2015-07-07,0.006288699690402532
2015-07-08,-0.016777232958369432
2015-07-09,0.0018090255708209286
2015-07-10,0.012591508052708561
2015-07-13,0.011037208405629557
2015-07-14,0.004338084568813446
2015-07-15,-0.0003322574520599638
2015-07-16,0.008024310336641173
2015-07-17,0.0008478568064059274
2015-07-20,0.0005176957831325943
2015-07-21,-0.003951267698386582
2015-07-22,-0.0017945690672963185
2015-07-23,-0.0056299380233713284
2015-07-24,-0.01037206204205922
2015-07-27,-0.005817307692307731
2015-07-28,0.01228299240775676
2015-07-29,0.0068790904313762846
2015-07-30,0.00023722541158600817
2015-07-31,-0.0015178825538373646
2015-08-03,-0.003372921615201938
2015-08-04,-0.001954335287668605
2015-08-05,0.003295443690896923
2015-08-06,-0.008187746941495686
2015-08-07,-0.0019198464122870444
2015-08-10,0.012599182495792281
2015-08-11,-0.00902312770100207
2015-08-12,0.001198063928691235
2015-08-13,-0.0012444955006700694
2015-08-14,0.003642288891018839
2015-08-17,0.00558685894374948
2015-08-18,-0.0028966237713092436
2015-08-19,-0.007905514810934358
2015-08-20,-0.020881336405529926
2015-08-21,-0.031083002402314083
2015-08-24,-0.04088448110104733
2015-08-25,-0.01202848852545503
2015-08-26,0.03839376301596624
2015-08-27,0.024735164044019348
2015-08-28,5.018316856521757e-05
2015-08-31,-0.008079084704937844
2015-09-01,-0.029847726007993007
2015-09-02,0.01898107107472486
2015-09-03,0.0007164423519779683
2015-09-04,-0.015136793658910803
2015-09-08,0.0251311075341399
2015-09-09,-0.013371827989667299
2015-09-10,0.005441757790440999
2015-09-11,0.004544294102629639
2015-09-14,-0.0037104808376538486
2015-09-15,0.012499362277434912
2015-09-16,0.00866673385065
2015-09-17,-0.00224797682086131
2015-09-18,-0.02142892905422321
2015-09-21,0.005167562036326526
2015-09-22,-0.012979741423190529
2015-09-23,-0.0015986797999071852
2015-09-24,-0.0036157024793387845
2015-09-25,-0.0002592016588906758
2015-09-28,-0.025097225823178654
2015-09-29,0.0005850752619542239
2015-09-30,0.018658303210716515
2015-10-01,0.0026091948024839534
2015-10-02,0.014937802529537317
2015-10-05,0.01779487179487179
2015-10-06,-0.0034262105104046294
2015-10-07,0.008190505081146694
2015-10-08,0.00902662855423505
2015-10-09,0.0005963918294319594
2015-10-12,0.0009437242338449198
2015-10-13,-0.006302104009527641
2015-10-14,-0.004794007490636744
2015-10-15,0.015354508505193449
2015-10-16,0.004546577711885426
2015-10-19,0.0004919565110443957
2015-10-20,-0.0013768009047548859
2015-10-21,-0.006105667438081683
2015-10-22,0.01689373297002723
2015-10-23,0.010961707103186204
2015-10-26,-0.002457712881306881
2015-10-27,-0.0019323671497584816
2015-10-28,0.011374636979670835
2015-10-29,-0.0005743000717873947
2015-10-30,-0.004309725614135927
2015-11-02,0.011830904631366226
2015-11-03,0.002899377346832139
2015-11-04,-0.0030331753554501723
2015-11-05,-0.000998288648031983
2015-11-06,-0.0005234356412087254
2015-11-09,-0.00933155589411531
2015-11-10,0.0023068050749711156
2015-11-11,-0.003931722286152633
2015-11-12,-0.013959757389044024
2015-11-13,-0.011228275727397048
2015-11-16,0.015206872716500506
2015-11-17,-0.0007295010213014575
2015-11-18,0.015866063172239212
2015-11-19,-0.0008623580702341705
2015-11-20,0.0036480460321265356
2015-11-23,-0.001150442308758111
2015-11-24,0.001339264361218736
2015-11-25,-0.00014330069262001976
2015-11-27,0.0011465698452131144
2015-11-30,-0.0041515556403894085
2015-12-01,0.00953567492452925
2015-12-02,-0.010209796848300656
2015-12-03,-0.013998053028595595
2015-12-04,0.0195029424638879
2015-12-07,-0.006058582196355358
2015-12-08,-0.006724262059035191
2015-12-09,-0.0077748624057135274
2015-12-10,0.0025810850297068332
2015-12-11,-0.01938116286977223
2015-12-14,0.005056469189617636
2015-12-15,0.010497740767902322
2015-12-16,0.014628046127703749
2015-12-17,-0.015238186799980713
2015-12-18,-0.023621985746363393
2015-12-21,0.008245142505179357
2015-12-22,0.00907423017801365
2015-12-23,0.012383292383292433
2015-12-24,-0.0016503252111445656
2015-12-28,-0.002285103072734339
2015-12-29,0.010671994542176296
2015-12-30,-0.007087753134040496
2015-12-31,-0.010003399213324927
2016-01-04,-0.013983420807377214
2016-01-05,0.0016953604431815545
2016-01-06,-0.012614223281684645
2016-01-07,-0.023991550145860487
2016-01-08,-0.01096109250193254
2016-01-11,0.0009743490879155277
2016-01-12,0.00807245848732487
2016-01-13,-0.024944645483236577
2016-01-14,0.016416882910554435
2016-01-15,-0.02146615953733134
2016-01-19,0.0013311325275544433
2016-01-20,-0.012815059023715818
2016-01-21,0.0056019391327766874
2016-01-22,0.020515292731265802
2016-01-25,-0.015116523199664202
2016-01-26,0.013643146450650194
2016-01-27,-0.010883280757097756
2016-01-28,0.005209163876043258
2016-01-29,0.024381576860028464
2016-02-01,-0.0003654744353729249
2016-02-02,-0.01802220500903697
2016-02-03,0.005994951619688761
2016-02-04,0.0015682174594876263
2016-02-05,-0.019050104384133643
2016-02-08,-0.013461026868848106
2016-02-09,5.393161471264873e-05
2016-02-10,-0.0008628593000053745
2016-02-11,-0.01300804231661897
2016-02-12,0.020616865361478626
2016-02-16,0.01687831538337891
2016-02-17,0.016334703340710265
2016-02-18,-0.004095810866860183
2016-02-19,-0.0004685303763860868
2016-02-22,0.014479166666666673
2016-02-23,-0.012629633432590655
2016-02-24,0.004575707154742073
2016-02-25,0.012111801242236044
2016-02-26,-0.002305410657665883
2016-02-29,-0.007838465686465488
2016-03-01,0.023506922917958313
2016-03-02,0.004492453687345345
2016-03-03,0.003894472361809074
2016-03-04,0.0032786885245901696
2016-03-07,0.0007982836900663403
2016-03-08,-0.010917792512089325
2016-03-09,0.0049395161290322065
2016-03-10,0.0008024877119068944
2016-03-11,0.016137115365340276
2016-03-14,-0.0012823042020121864
2016-03-15,-0.0016296296296296913
2016-03-16,0.005787208784686235
2016-03-17,0.0063440542933018195
2016-03-18,-0.0012217172457606412
2016-03-21,0.0014189255308738236
2016-03-22,-0.0005374505301215871
2016-03-23,-0.006603441533046502
2016-03-24,-0.00043895650393783976
2016-03-28,0.0005907837731390535
2016-03-29,0.0092540838417634
2016-03-30,0.004383758253672995
2016-03-31,-0.002426948839918454
2016-04-01,0.006811989100817328
2016-04-04,-0.003237966363812041
2016-04-05,-0.009991757575757577
2016-04-06,0.010925161565841817
2016-04-07,-0.011965894777637822
2016-04-08,0.002692816866879202
2016-04-11,-0.002342796451037404
2016-04-12,0.009312317756926763
2016-04-13,0.010104895104895158
2016-04-14,4.423059911304557e-05
2016-04-15,-0.0011057160713426747
2016-04-18,0.007022812590239724
2016-04-19,0.0031581080409406777
2016-04-20,0.0009528346831824137
2016-04-21,-0.005378391242265567
2016-04-22,0.0
2016-04-25,-0.0017227353208593829
2016-04-26,0.0014821916494893615
2016-04-27,0.002062041210190375
2016-04-28,-0.009087652256985925
2016-04-29,-0.0053830487231708276
2016-05-02,0.007944524036159353
2016-05-03,-0.008707025051690149
2016-05-04,-0.005574332845684342
2016-05-05,-0.0001951124335397885
2016-05-06,0.003659072059325755
2016-05-09,0.0008224771534123535
2016-05-10,0.012437757784283977
2016-05-11,-0.0093547613336531
2016-05-12,0.00029055690072640327
2016-05-13,-0.008714175058094555
2016-05-16,0.009865208048447012
2016-05-17,-0.009329722410291173
2016-05-18,0.0002889908167310264
2016-05-19,-0.003464935825484398
2016-05-20,0.006317335945151913
2016-05-23,-0.0013625967200350437
2016-05-24,0.012962331270405908
2016-05-25,0.006783085582335097
2016-05-26,0.0002866972477064329
2016-05-27,0.004299226139294954
2016-05-31,-0.0019025875190259022
2016-06-01,0.002049180327868885
2016-06-02,0.003043705711703935
2016-06-03,-0.0029870560902754513
2016-06-06,0.005088453490583951
2016-06-07,0.001561391057487639
2016-06-08,0.003259637188208606
2016-06-09,-0.0013655412723077272
2016-06-10,-0.009477555639381456
2016-06-13,-0.00771552339696293
2016-06-14,-0.0019630682199787692
2016-06-15,-0.0013939626994808308
2016-06-16,0.002984356197352609
2016-06-17,-0.00887843739501845
2016-06-20,0.006440054232035561
2016-06-21,0.0028385855184027108
2016-06-22,-0.001631164843600093
2016-06-23,0.013022585295531033
2016-06-24,-0.036430909349651375
2016-06-27,-0.0173780337714764
2016-06-28,0.018034569138276616
2016-06-29,0.0170290605744004
2016-06-30,0.013621407142165866
2016-07-01,0.0021281775868242977
2016-07-05,-0.007197000011432966
2016-07-06,0.005997792812245094
2016-07-07,-0.0006391300200325029
2016-07-08,0.014909844124356995
2016-07-11,0.003526922172584058
2016-07-12,0.007263355201499452
2016-07-13,-0.00013956734124215462
2016-07-14,0.005583472920156417
2016-07-15,-0.0013418471219692396
2016-07-18,0.0026835935690125838
2016-07-19,-0.0010128959397289982
2016-07-20,0.004139876960081457
2016-07-21,-0.0037773222470461874
2016-07-22,0.004508357801771081
2016-07-25,-0.0027158902596207115
2016-07-26,0.00046157396722822206
2016-07-27,-0.0010611303344866888
2016-07-28,0.0011546277480140401
2016-07-29,0.0016146145684365655
2016-08-01,-0.0008290346352247919
2016-08-02,-0.006410989213607378
2016-08-03,0.0029264780384246083
2016-08-04,0.0010625404755295578
2016-08-05,0.008180317240863141
2016-08-08,-0.0005958382986524679
2016-08-09,0.0005961935335931917
2016-08-10,-0.0024750206251719703
2016-08-11,0.00464069104943953
2016-08-12,-0.0008689686713926262
2016-08-15,0.0028838231255149476
2016-08-16,-0.005157697749783173
2016-08-17,0.0018810790970820177
2016-08-18,0.0022438979713331002
2016-08-19,-0.0014621219044138791
2016-08-22,-4.575821359929947e-05
2016-08-23,0.002013453530407714
2016-08-24,-0.005114855916335592
2016-08-25,-0.0006885471654808615
2016-08-26,-0.0018833256775378805
2016-08-29,0.004927976437019742
2016-08-30,-0.0016523112206953436
2016-08-31,-0.0028440366972477273
2016-09-01,4.600239212434863e-05
2016-09-02,0.004508027048162373
2016-09-06,0.003026056692769129
2016-09-07,-9.496381330848614e-05
2016-09-08,-0.002283000776220264
2016-09-09,-0.02393483135783255
2016-09-12,0.014347336834208562
2016-09-13,-0.014375520014791594
2016-09-14,-0.00037518172864974014
2016-09-15,0.009992962702322286
2016-09-16,-0.008872166480862117
2016-09-19,0.00018746777897545128
2016-09-20,4.685816034858209e-05
2016-09-21,0.011245431543435507
2016-09-22,0.006301547585951319
2016-09-23,-0.005479325904779435
2016-09-26,-0.008102226954951618
2016-09-27,0.006207991038088051
2016-09-28,0.0049635849144129204
2016-09-29,-0.00904726735598218
2016-09-30,0.007546115148127467
2016-10-03,-0.0024040684234859465
2016-10-04,-0.005097784780795228
2016-10-05,0.004425190981926536
2016-10-06,0.0006956360432222125
2016-10-07,-0.0034294188525350313
2016-10-10,0.005208333333333355
2016-10-11,-0.01262953367875643
2016-10-12,0.0013119055428009237
2016-10-13,-0.0032754667540125263
2016-10-14,0.000516407680390656
2016-10-17,-0.003472222222222265
2016-10-18,0.006262359920896565
2016-10-19,0.0026671657854101033
2016-10-20,-0.0018667164457719138
2016-10-21,0.0004675518982606804
2016-10-24,0.004252733900364504
2016-10-25,-0.0033505514449253056
2016-10-26,-0.0020077508521267142
2016-10-27,-0.002666791428838877
2016-10-28,-0.0029553877187221255
2016-10-31,4.7049967065113986e-05
2016-11-01,-0.0072453540343449556
2016-11-02,-0.006018672100848215
2016-11-03,-0.004577095451511433
2016-11-04,-0.0011016380879394088
2016-11-07,0.022057060656916778
2016-11-08,0.0045038705137227675
2016-11-09,0.010598290598290521
2016-11-10,0.0024993160155874048
2016-11-11,-0.0023049972340033194
2016-11-14,0.0007855096571482115
2016-11-15,0.007802760976961068
2016-11-16,-0.001878321422026739
2016-11-17,0.0051406802221508445
2016-11-18,-0.002237545093383301
2016-11-21,0.007551487414187669
2016-11-22,0.0019532137179196314
2016-11-23,0.0005440203100914684
2016-11-25,0.0037154508382420555
2016-11-28,-0.004694835680751266
2016-11-29,0.001950290275762005
2016-11-30,-0.0023991670816169534
2016-12-01,-0.0036754696433433263
2016-12-02,0.0005009791865920374
2016-12-05,0.006008739985433326
2016-12-06,0.0031674208144795864
2016-12-07,0.013080739738385232
2016-12-08,0.0024487978628673704
2016-12-09,0.006040417499444749
2016-12-12,-0.001147852191956165
2016-12-13,0.00667403314917123
2016-12-14,-0.0082543027748507
2016-12-15,0.00411723038781657
2016-12-16,-0.007803888717428729
2016-12-19,0.0021773906861002894
2016-12-20,0.0038575799228484217
2016-12-21,-0.002782685512367471
2016-12-22,-0.0017274217123622038
2016-12-23,0.001464193806016561
2016-12-27,0.0024810597669576106
2016-12-28,-0.008264462809917375
2016-12-29,-0.00022281639928703817
2016-12-30,-0.0036550033429908323
2017-01-03,0.0076499798684740656
2017-01-04,0.005949209731841606
2017-01-05,-0.0007944213964163069
2017-01-06,0.00357773851590107
2017-01-09,-0.0033009110514502
2017-01-10,0.0
2017-01-11,0.0028261061556124098
2017-01-12,-0.0025099075297225592
2017-01-13,0.002295501699554188
2017-01-17,-0.0035234529839242956
2017-01-18,0.0022099447513812156
2017-01-19,-0.0037045203969129146
2017-01-20,0.0036740294807667325
2017-01-23,-0.0026020993208079888
2017-01-24,0.006411673667919472
2017-01-25,0.008655536028119503
2017-01-26,-0.0010454327656051778
2017-01-27,-0.0015697902585793992
2017-01-30,-0.006201685810368116
2017-01-31,-8.789277081964504e-05
2017-02-01,0.000395552234870142
2017-02-02,0.0006589930586064744
2017-02-03,0.006892918294771011
2017-02-06,-0.0017877387285253187
2017-02-07,4.368147468654569e-05
2017-02-08,0.001310387000961
2017-02-09,0.005932647007502989
2017-02-10,0.003946227233304409
2017-02-13,0.005442529480368103
2017-02-14,0.003995360226833262
2017-02-15,0.0052203679931536115
2017-02-16,-0.00085135365230712
2017-02-17,0.0015763462849352613
2017-02-21,0.005955166106597498
2017-02-22,-0.000887986807053186
2017-02-23,0.0006771626883358583
2017-02-24,0.0012688208424970874
2017-02-27,0.0015628960040551007
2017-02-28,-0.0026991691619923865
2017-03-01,0.013997547257580253
2017-03-02,-0.006297439319376057
2017-03-03,0.0006295379191672357
2017-03-06,-0.0029779380924418236
2017-03-07,-0.0029868326953010303
2017-03-08,-0.001856540084388176
2017-03-09,0.0012681772066283877
2017-03-10,0.003504179684201571
2017-03-13,0.0005048592704783733
2017-03-14,-0.0038265842479290046
2017-03-15,0.008653440270156111
2017-03-16,-0.0019669386901025273
2017-03-17,-0.00608017443810797
2017-03-20,-0.001096907564443281
2017-03-21,-0.01283946445917988
2017-03-22,0.002353142514867631
2017-03-23,-0.0010670991975414035
2017-03-24,-0.0007264025979574734
2017-03-27,-0.0010262550243735956
2017-03-28,0.0072767742487800215
2017-03-29,0.0009348971613122508
2017-03-30,0.0031841725396960178
2017-03-31,-0.00232764822887123
2017-04-03,-0.0017392042080257766
2017-04-04,0.0006374027960735022
2017-04-05,-0.002972651605231819
2017-04-06,0.0028111423460260524
2017-04-07,-0.0010193679918450947
2017-04-10,0.0005952380952381581
2017-04-11,-0.0011897679952409328
2017-04-12,-0.004381859950650903
2017-04-13,-0.006494893817032048
2017-04-17,0.008859833985635036
2017-04-18,-0.0029841838257236163
2017-04-19,-0.0018386282977722957
2017-04-20,0.008139136394790978
2017-04-21,-0.0031868785586810573
2017-04-24,0.010997911249413803
2017-04-25,0.0058186111228233925
2017-04-26,-0.0006287989939216335
2017-04-27,0.0008389261744965966
2017-04-28,-0.002179379715004115
2017-05-01,0.0025201612903225567
2017-05-02,0.00037707390648568546
2017-05-03,-0.0012145579427902185
2017-05-04,0.001174102650117415
2017-05-05,0.0039370078740157384
2017-05-08,-0.00016687526074256171
2017-05-09,-0.0009179671200867849
2017-05-10,0.0017958569996659156
2017-05-11,-0.0020427731687998043
2017-05-12,-0.0016709833737154553
2017-05-15,0.005523474767763084
2017-05-16,-0.0009155222638368658
2017-05-17,-0.017744085304898446
2017-05-18,0.004028496310745556
