Date,CUR_MKT_CAP
2006-01-03,9866.7001
2006-01-04,9813.6161
2006-01-05,9663.5961
2006-01-06,10222.1321
2006-01-09,10072.1121
2006-01-10,9815.9241
2006-01-11,9677.4441
2006-01-12,9624.3601
2006-01-13,9896.7041
2006-01-17,9825.1561
2006-01-18,9949.7593
2006-01-19,10150.5841
2006-01-20,9778.9961
2006-01-23,9705.1401
2006-01-24,9725.9121
2006-01-25,9592.0481
2006-01-26,9483.5721
2006-01-27,9467.4161
2006-01-30,9382.0201
2006-01-31,9368.1721
2006-02-01,9091.2121
2006-02-02,8555.7561
2006-02-03,8207.2481
2006-02-06,8147.2401
2006-02-07,8230.3281
2006-02-08,8442.6641
2006-02-09,8576.5281
2006-02-10,8659.6161
2006-02-13,8608.8401
2006-02-14,8491.1321
2006-02-15,8528.0601
2006-02-16,8721.9321
2006-02-17,8414.9681
2006-02-21,8348.0361
2006-02-22,8380.3481
2006-02-23,8481.9001
2006-02-24,8652.6921
2006-02-27,8885.8001
2006-02-28,8689.6201
2006-03-01,9619.7441
2006-03-02,9499.7281
2006-03-03,9347.4001
2006-03-06,9081.9801
2006-03-07,9058.9001
2006-03-08,8904.2641
2006-03-09,8770.4001
2006-03-10,8728.8561
2006-03-13,8731.1641
2006-03-14,8858.1041
2006-03-15,9137.3721
2006-03-16,8989.6601
2006-03-17,9072.7481
2006-03-20,8895.0321
2006-03-21,8784.2481
2006-03-22,8708.0841
2006-03-23,8472.6681
2006-03-24,8576.5281
2006-03-27,8539.6001
2006-03-28,8678.0801
2006-03-29,8832.7161
2006-03-30,8786.5561
2006-03-31,8863.4522
2006-04-03,8571.2252
2006-04-04,8713.8872
2006-04-05,9047.5322
2006-04-06,9505.4313
2006-04-07,9802.2603
2006-04-10,9820.6683
2006-04-11,9839.0763
2006-04-12,9751.6383
2006-04-13,9666.5013
2006-04-17,9585.9663
2006-04-18,10036.9623
2006-04-19,9965.6313
2006-04-20,9878.1933
2006-04-21,9859.7853
2006-04-24,9751.6383
2006-04-25,9882.7953
2006-04-26,9719.4243
2006-04-27,9675.7053
2006-04-28,9673.4043
2006-05-01,9542.2473
2006-05-02,9316.7492
2006-05-03,9162.5822
2006-05-04,9153.3782
2006-05-05,9185.5922
2006-05-08,9180.9902
2006-05-09,9075.1442
2006-05-10,8976.2012
2006-05-11,8766.8102
2006-05-12,9042.9302
2006-05-15,8902.5692
2006-05-16,8787.5192
2006-05-17,8803.6262
2006-05-18,8746.1012
2006-05-19,8626.4492
2006-05-22,8460.7772
2006-05-23,8265.1922
2006-05-24,8421.6602
2006-05-25,8394.0482
2006-05-26,8545.9142
2006-05-30,8396.3492
2006-05-31,8373.3392
2006-06-01,8642.5562
2006-06-02,8405.5532
2006-06-05,8083.4132
2006-06-06,8174.3759
2006-06-07,8151.2059
2006-06-08,7970.4799
2006-06-09,7982.0649
2006-06-12,8049.2579
2006-06-13,8111.8169
2006-06-14,8172.0589
2006-06-15,8501.0729
2006-06-16,8531.1939
2006-06-19,8371.3209
2006-06-20,8248.5199
2006-06-21,8299.4939
2006-06-22,8093.2809
2006-06-23,8046.9409
2006-06-26,7938.0419
2006-06-27,7618.2959
2006-06-28,7613.6619
2006-06-29,7986.6989
2006-06-30,7984.3819
2006-07-03,8095.5979
2006-07-05,7910.2379
2006-07-06,7743.4139
2006-07-07,7349.5239
2006-07-10,7001.9739
2006-07-11,7145.6279
2006-07-12,7321.7199
2006-07-13,7099.2879
2006-07-14,7055.2649
2006-07-17,6964.9019
2006-07-18,7011.2419
2006-07-19,7277.6969
2006-07-20,7252.2099
2006-07-21,6976.4869
2006-07-24,7254.5269
2006-07-25,7527.9329
2006-07-26,7330.9879
2006-07-27,7275.3799
2006-07-28,7509.3969
2006-07-31,7903.2869
2006-08-01,7641.4659
2006-08-02,7588.1749
2006-08-03,7817.5579
2006-08-04,7717.9269
2006-08-07,7660.0019
2006-08-08,7500.1289
2006-08-09,7622.9299
2006-08-10,7680.8549
2006-08-11,7490.8609
2006-08-14,7495.4949
2006-08-15,7838.4109
2006-08-16,7975.1139
2006-08-17,8107.1829
2006-08-18,8019.1369
2006-08-21,7826.8259
2006-08-22,7741.0969
2006-08-23,7808.2899
2006-08-24,7704.0249
2006-08-25,7764.2669
2006-08-28,7852.3129
2006-08-29,7780.4859
2006-08-30,7940.3589
2006-08-31,8053.8919
2006-09-01,7875.4829
2006-09-05,7926.4569
2006-09-06,7697.0739
2006-09-07,7293.9159
2006-09-08,7759.6329
2006-09-11,7771.2179
2006-09-12,7947.3099
2006-09-13,8005.2349
2006-09-14,7991.3329
2006-09-15,8292.5429
2006-09-18,8408.3929
2006-09-19,8373.6379
2006-09-20,8552.0469
2006-09-21,8464.0009
2006-09-22,8362.0529
2006-09-25,8489.4879
2006-09-26,8051.5749
2006-09-27,8042.3069
2006-09-28,8000.6009
2006-09-29,8058.5259
2006-10-02,7766.5839
2006-10-03,7713.2929
2006-10-04,7905.6039
2006-10-05,8146.5719
2006-10-06,8132.6699
2006-10-09,8172.0589
2006-10-10,8269.3729
2006-10-11,8051.5749
2006-10-12,8176.6929
2006-10-13,8084.0129
2006-10-16,8179.0099
2006-10-17,8063.1599
2006-10-18,8167.4249
2006-10-19,8093.2809
2006-10-20,8128.0359
2006-10-23,8322.6639
2006-10-24,8466.3179
2006-10-25,8542.7789
2006-10-26,8637.7759
2006-10-27,8389.8569
2006-10-30,8603.0209
2006-10-31,8514.9749
2006-11-01,8401.4419
2006-11-02,8345.8339
2006-11-03,8343.5169
2006-11-06,8350.4679
2006-11-07,8211.4479
2006-11-08,8229.9839
2006-11-09,8049.2579
2006-11-10,8035.3559
2006-11-13,8188.2779
2006-11-14,8348.1509
2006-11-15,8484.8539
2006-11-16,8572.8999
2006-11-17,9395.4349
2006-11-20,9453.3599
2006-11-21,9483.4809
2006-11-22,9601.6479
2006-11-24,9634.0859
2006-11-27,9390.8009
2006-11-28,9383.8499
2006-11-29,9402.3859
2006-11-30,9541.4059
2006-12-01,9525.1869
2006-12-04,9752.2529
2006-12-05,9715.1809
2006-12-06,9800.9099
2006-12-07,9673.4749
2006-12-08,9736.0339
2006-12-11,9536.7719
2006-12-12,9513.6019
2006-12-13,9513.6019
2006-12-14,9578.4779
2006-12-15,9687.3769
2006-12-18,9413.9709
2006-12-19,9397.7519
2006-12-20,9513.6019
2006-12-21,9360.6799
2006-12-22,9277.2679
2006-12-26,9400.0689
2006-12-27,9448.7259
2006-12-28,9393.1179
2006-12-29,9374.5819
2007-01-03,9397.7519
2007-01-04,9576.1609
2007-01-05,9715.1809
2007-01-08,9685.0599
2007-01-09,9805.5439
2007-01-10,9898.2239
2007-01-11,10176.2639
2007-01-12,10134.5579
2007-01-16,10241.1399
2007-01-17,10308.3329
2007-01-18,9983.9529
2007-01-19,9784.6909
2007-01-22,9828.7139
2007-01-23,9893.5899
2007-01-24,9923.7109
2007-01-25,9793.9589
2007-01-26,9835.6649
2007-01-29,9777.7399
2007-01-30,10051.1459
2007-01-31,10129.9239
2007-02-01,10255.0419
2007-02-02,10261.9929
2007-02-05,10361.6239
2007-02-06,10129.9239
2007-02-07,9798.5929
2007-02-08,9791.6419
2007-02-09,9715.1809
2007-02-12,9610.9159
2007-02-13,9576.1609
2007-02-14,9888.9559
2007-02-15,9872.7369
2007-02-16,9780.0569
2007-02-20,9775.4229
2007-02-21,9736.0339
2007-02-22,9761.5209
2007-02-23,9840.2989
2007-02-26,9773.1059
2007-02-27,9453.3599
2007-02-28,9534.4549
2007-03-01,9342.1439
2007-03-02,9219.3429
2007-03-05,8996.9109
2007-03-06,9115.0779
2007-03-07,9022.3979
2007-03-08,8927.4009
2007-03-09,8929.7179
2007-03-12,8911.1819
2007-03-13,8674.8479
2007-03-14,8748.9919
2007-03-15,8711.9199
2007-03-16,8665.5799
2007-03-19,8765.2109
2007-03-20,8943.6199
2007-03-21,9196.1729
2007-03-22,9024.7149
2007-03-23,8892.6459
2007-03-26,8813.8679
2007-03-27,8748.9919
2007-03-28,8709.6029
2007-03-29,8607.6549
2007-03-30,8711.9199
2007-04-02,8862.5249
2007-04-03,8918.1329
2007-04-04,9006.1789
2007-04-05,9163.7349
2007-04-09,8999.2279
2007-04-10,9344.4609
2007-04-11,9131.2969
2007-04-12,9184.5879
2007-04-13,9091.9079
2007-04-16,9200.8069
2007-04-17,9223.9769
2007-04-18,9196.1729
2007-04-19,9177.6369
2007-04-20,9186.9049
2007-04-23,9217.0259
2007-04-24,9393.1179
2007-04-25,9508.9679
2007-04-26,9675.7919
2007-04-27,9729.0829
2007-04-30,9562.2589
2007-05-01,9592.3799
2007-05-02,9715.1809
2007-05-03,9622.5009
2007-05-04,9661.8899
2007-05-07,9708.2299
2007-05-08,9895.9069
2007-05-09,9946.8809
2007-05-10,9810.1779
2007-05-11,10025.6589
2007-05-14,10060.4139
2007-05-15,9981.6359
2007-05-16,10148.4599
2007-05-17,10032.6099
2007-05-18,10264.3099
2007-05-21,10456.6209
2007-05-22,10549.3009
2007-05-23,10544.6669
2007-05-24,10366.2579
2007-05-25,10419.5489
2007-05-29,10403.3299
2007-05-30,10433.4509
2007-05-31,10530.7649
2007-06-01,10403.3299
2007-06-04,10449.6699
2007-06-05,10355.4479
2007-06-06,10299.9599
2007-06-07,10096.5039
2007-06-08,10214.4159
2007-06-11,10364.6959
2007-06-12,10586.6479
2007-06-13,10875.6479
2007-06-14,10471.0479
2007-06-15,10403.9999
2007-06-18,10519.5999
2007-06-19,10750.7999
2007-06-20,10783.1679
2007-06-21,10905.7039
2007-06-22,10787.7919
2007-06-25,10845.5919
2007-06-26,10898.7679
2007-06-27,11032.8639
2007-06-28,11044.4239
2007-06-29,10884.8959
2007-07-02,10933.4479
2007-07-03,10658.3199
2007-07-05,10586.6479
2007-07-06,10450.2399
2007-07-09,10394.7519
2007-07-10,10380.8799
2007-07-11,10491.8559
2007-07-12,10843.2799
2007-07-13,10866.3999
2007-07-16,10873.3359
2007-07-17,10935.7599
2007-07-18,10813.2239
2007-07-19,11074.4799
2007-07-20,10297.6479
2007-07-23,10339.2639
2007-07-24,10251.4079
2007-07-25,10212.1039
2007-07-26,10087.2559
2007-07-27,10008.6479
2007-07-30,10133.4959
2007-07-31,9795.9439
2007-08-01,10101.1279
2007-08-02,9641.0399
2007-08-03,9356.6639
2007-08-06,9585.5519
2007-08-07,9920.7919
2007-08-08,10179.7359
2007-08-09,10087.2559
2007-08-10,9971.6848
2007-08-13,10316.1439
2007-08-14,10142.7439
2007-08-15,9851.4319
2007-08-16,9851.4319
2007-08-17,10380.8799
2007-08-20,10739.2399
2007-08-21,10563.5279
2007-08-22,10653.6959
2007-08-23,10413.2479
2007-08-24,10531.1599
2007-08-27,10512.6639
2007-08-28,10179.7359
2007-08-29,10436.3679
2007-08-30,10496.4799
2007-08-31,10709.1839
2007-09-04,10713.4
2007-09-05,10773.2
2007-09-06,10745.6
2007-09-07,10384.5
2007-09-10,10451.2
2007-09-11,10706.5
2007-09-12,10761.7
2007-09-13,10865.2
2007-09-14,10938.8
2007-09-17,10858.3
2007-09-18,11235.5
2007-09-19,11477.0
2007-09-20,11341.3
2007-09-21,11205.6
2007-09-24,11134.3
2007-09-25,11474.7
2007-09-26,11523.0
2007-09-27,11454.0
2007-09-28,11493.1
2007-10-01,11458.6
2007-10-02,11479.3
2007-10-03,11417.1713
2007-10-04,11493.1
2007-10-05,11628.8
2007-10-08,11672.5
2007-10-09,11672.5
2007-10-10,11661.0
2007-10-11,11490.8
2007-10-12,11684.0
2007-10-15,11465.5
2007-10-16,11311.4
2007-10-17,11125.1
2007-10-18,11286.1
2007-10-19,10800.8
2007-10-22,10922.7
2007-10-23,10860.6
2007-10-24,10933.1538
2007-10-25,10947.0549
2007-10-26,11039.7283
2007-10-29,11053.6294
2007-10-30,10879.8666
2007-10-31,11329.333
2007-11-01,11074.4809
2007-11-02,11308.4814
2007-11-05,11143.986
2007-11-06,11516.9968
2007-11-07,11218.1248
2007-11-08,10972.5401
2007-11-09,10694.5196
2007-11-12,10388.6971
2007-11-13,11118.5008
2007-11-14,11011.9263
2007-11-15,10995.7084
2007-11-16,10752.4405
2007-11-19,10673.6681
2007-11-20,10736.2227
2007-11-21,10479.0538
2007-11-23,10608.7966
2007-11-26,10323.8257
2007-11-27,10627.3313
2007-11-28,10801.0941
2007-11-29,10995.7084
2007-11-30,10909.9855
2007-12-03,11011.9263
2007-12-04,11025.8273
2007-12-05,11287.6299
2007-12-06,11103.9807
2007-12-07,11129.3797
2007-12-10,11471.1117
2007-12-11,11337.1897
2007-12-12,11429.5497
2007-12-13,11621.1967
2007-12-14,11443.4037
2007-12-17,11210.1947
2007-12-18,11494.2017
2007-12-19,11471.1117
2007-12-20,11660.4497
2007-12-21,11773.5907
2007-12-24,11780.5177
2007-12-26,11785.1357
2007-12-27,11510.3647
2007-12-28,11605.0337
2007-12-31,11489.5837
2008-01-02,11138.6157
2008-01-03,11046.2557
2008-01-04,10552.1297
2008-01-07,10787.6477
2008-01-08,10348.9377
2008-01-09,10249.6507
2008-01-10,10311.9937
2008-01-11,9970.2617
2008-01-14,10233.4877
2008-01-15,9847.8847
2008-01-16,9810.9407
2008-01-17,9441.5008
2008-01-18,9522.3157
2008-01-22,9261.3988
2008-01-23,9409.1748
2008-01-24,9799.3957
2008-01-25,9536.1697
2008-01-28,9499.2257
2008-01-29,9416.1018
2008-01-30,9459.9727
2008-01-31,9501.5347
2008-02-01,9688.5637
2008-02-04,9517.6977
2008-02-05,9201.3648
2008-02-06,8940.4478
2008-02-07,8905.8128
2008-02-08,8991.2458
2008-02-11,9062.8248
2008-02-12,8885.0318
2008-02-13,8945.0658
2008-02-14,8935.8298
2008-02-15,8808.8348
2008-02-19,8751.1098
2008-02-20,8864.2508
2008-02-21,8993.5548
2008-02-22,8912.7398
2008-02-25,9074.3698
2008-02-26,9028.1898
2008-02-27,7617.3908
2008-02-28,7645.0988
2008-02-29,7178.6808
2008-03-03,7007.8148
2008-03-04,6903.9098
2008-03-05,7275.2259
2008-03-06,7204.0798
2008-03-07,7298.7488
2008-03-10,7284.8948
2008-03-11,7668.2177
2008-03-12,7596.6098
2008-03-13,7972.9768
2008-03-14,7869.0718
2008-03-17,7829.8188
2008-03-18,7631.2448
2008-03-19,7247.9508
2008-03-20,7388.7998
2008-03-24,7534.2668
2008-03-25,7647.4078
2008-03-26,7559.6658
2008-03-27,7257.1868
2008-03-28,7316.6311
2008-03-31,7249.8441
2008-04-01,7560.7491
2008-04-02,7629.8391
2008-04-03,7712.7471
2008-04-04,7791.0491
2008-04-07,7768.0191
2008-04-08,7740.3831
2008-04-09,7530.8101
2008-04-10,7625.2331
2008-04-11,7367.2971
2008-04-14,7295.9041
2008-04-15,7247.5411
2008-04-16,7507.7801
2008-04-17,7420.2661
2008-04-18,7662.0811
2008-04-21,7772.6251
2008-04-22,7846.3211
2008-04-23,8187.1651
2008-04-24,8643.1591
2008-04-25,9069.2141
2008-04-28,8878.0651
2008-04-29,8963.2761
2008-04-30,8751.4001
2008-05-01,9053.0931
2008-05-02,9078.4261
2008-05-05,8832.0051
2008-05-06,9048.4871
2008-05-07,8806.6721
2008-05-08,8942.5491
2008-05-09,9004.7301
2008-05-12,9136.0011
2008-05-13,9230.4241
2008-05-14,9255.7571
2008-05-15,9428.4821
2008-05-16,9382.4221
2008-05-19,9274.1811
2008-05-20,9122.1831
2008-05-21,9080.7291
2008-05-22,9078.4261
2008-05-23,8924.1251
2008-05-27,9131.3951
2008-05-28,9142.9101
2008-05-29,9426.1791
2008-05-30,9479.1481
2008-06-02,9051.9781
2008-06-03,9083.3308
2008-06-04,9139.3178
2008-06-05,9291.6024
2008-06-06,9072.1334
2008-06-09,9130.3599
2008-06-10,8935.5251
2008-06-11,8563.7714
2008-06-12,8527.9398
2008-06-13,8630.9558
2008-06-16,8796.6774
2008-06-17,8848.1854
2008-06-18,8651.1112
2008-06-19,8689.1823
2008-06-20,8259.2022
2008-06-23,8082.2832
2008-06-24,8003.9015
2008-06-25,8140.5097
2008-06-26,7786.6719
2008-06-27,7620.9504
2008-06-30,7571.6818
2008-07-01,7757.5587
2008-07-02,7535.8501
2008-07-03,7605.274
2008-07-07,7542.5686
2008-07-08,7748.6007
2008-07-09,7392.5234
2008-07-10,7551.5265
2008-07-11,7401.4813
2008-07-14,7457.4683
2008-07-15,7636.6267
2008-07-16,7894.1669
2008-07-17,8059.8884
2008-07-18,8064.3674
2008-07-21,7670.2189
2008-07-22,7571.6818
2008-07-23,7594.0766
2008-07-24,7332.0575
2008-07-25,7336.5364
2008-07-28,7211.1255
2008-07-29,7332.0575
2008-07-30,7334.2969
2008-07-31,7141.7017
2008-08-01,7540.3291
2008-08-04,7338.7759
2008-08-05,7551.5265
2008-08-06,7659.0215
2008-08-07,7636.6267
2008-08-08,7896.4064
2008-08-11,7959.1119
2008-08-12,7701.5717
2008-08-13,7676.9374
2008-08-14,7692.6137
2008-08-15,8592.8847
2008-08-18,8492.1081
2008-08-19,8198.7362
2008-08-20,8315.1892
2008-08-21,8200.9757
2008-08-22,8321.9076
2008-08-25,8106.9175
2008-08-26,8151.7071
2008-08-27,8270.3996
2008-08-28,8407.0078
2008-08-29,7956.8724
2008-09-02,7934.4776
2008-09-03,7753.0797
2008-09-04,7697.0927
2008-09-05,7562.7239
2008-09-08,7724.8929
2008-09-09,7637.1612
2008-09-10,7526.9341
2008-09-11,7720.3939
2008-09-12,7747.3883
2008-09-15,7517.936
2008-09-16,7544.9304
2008-09-17,7232.2454
2008-09-18,7526.9341
2008-09-19,8033.0788
2008-09-22,7538.1818
2008-09-23,7457.1986
2008-09-24,7558.4276
2008-09-25,7695.649
2008-09-26,7920.6022
2008-09-29,7236.7445
2008-09-30,7547.1799
2008-10-01,7315.4781
2008-10-02,6849.825
2008-10-03,6910.5623
2008-10-06,6402.1681
2008-10-07,6044.4925
2008-10-08,6087.2336
2008-10-09,5680.0683
2008-10-10,5443.8675
2008-10-13,6246.9504
2008-10-14,5815.0403
2008-10-15,5218.9143
2008-10-16,5709.3122
2008-10-17,5524.8506
2008-10-20,5662.0721
2008-10-21,5484.359
2008-10-22,5140.1806
2008-10-23,5155.9274
2008-10-24,4912.9779
2008-10-27,4652.0322
2008-10-28,5227.9124
2008-10-29,5018.7059
2008-10-30,4939.9723
2008-10-31,4793.7527
2008-11-03,5146.9292
2008-11-04,5061.447
2008-11-05,4724.0172
2008-11-06,4472.0696
2008-11-07,4670.0285
2008-11-10,4600.293
2008-11-11,4447.3248
2008-11-12,4280.8594
2008-11-13,4688.0247
2008-11-14,4393.336
2008-11-17,4294.3566
2008-11-18,4307.8538
2008-11-19,4017.6642
2008-11-20,3783.7128
2008-11-21,3232.5775
2008-11-24,3529.5157
2008-11-25,3603.7503
2008-11-26,3799.4596
2008-11-28,3731.9736
2008-12-01,3336.056
2008-12-02,3502.5213
2008-12-03,3563.2587
2008-12-04,3423.7526
2008-12-05,3629.6756
2008-12-08,4152.4032
2008-12-09,4132.0372
2008-12-10,4070.9391
2008-12-11,3935.1657
2008-12-12,4163.7176
2008-12-15,3984.9493
2008-12-16,4328.9086
2008-12-17,4347.0117
2008-12-18,4165.9805
2008-12-19,4190.8723
2008-12-22,4132.0372
2008-12-23,4150.1403
2008-12-24,4229.3414
2008-12-26,4274.5992
2008-12-29,4170.5063
2008-12-30,4292.7024
2008-12-31,4446.5789
2009-01-02,4679.6566
2009-01-05,4724.9144
2009-01-06,4718.1257
2009-01-07,4541.6203
2009-01-08,4344.7488
2009-01-09,4179.5579
2009-01-12,4249.7074
2009-01-13,4177.295
2009-01-14,4012.104
2009-01-15,3502.9537
2009-01-16,3652.3045
2009-01-20,3557.2631
2009-01-21,3794.8666
2009-01-22,3650.0416
2009-01-23,3679.4592
2009-01-26,3717.9283
2009-01-27,3826.547
2009-01-28,3903.4853
2009-01-29,3831.0728
2009-01-30,3747.3459
2009-02-02,3740.5572
2009-02-03,3889.9079
2009-02-04,3939.6915
2009-02-05,4030.2071
2009-02-06,4195.3981
2009-02-09,4118.4598
2009-02-10,3892.1708
2009-02-11,3948.7431
2009-02-12,3971.372
2009-02-13,3973.6349
2009-02-17,3749.6088
2009-02-18,3690.7736
2009-02-19,3586.6807
2009-02-20,3453.1702
2009-02-23,3256.2987
2009-02-24,3303.8194
2009-02-25,3235.9327
2009-02-26,3181.6234
2009-02-27,2871.6074
2009-03-02,2683.7876
2009-03-03,2667.9473
2009-03-04,2830.8754
2009-03-05,2726.7825
2009-03-06,2719.9938
2009-03-09,2665.6844
2009-03-10,2837.6641
2009-03-11,2785.6176
2009-03-12,2882.9219
2009-03-13,2903.2879
2009-03-16,2914.6023
2009-03-17,2989.2777
2009-03-18,3168.046
2009-03-19,3138.6285
2009-03-20,3030.0097
2009-03-23,3301.5565
2009-03-24,3362.0399
2009-03-25,3463.9199
2009-03-26,3658.6239
2009-03-27,3638.2479
2009-03-30,3448.0719
2009-03-31,3805.7839
2009-04-01,3873.7039
2009-04-02,4070.6719
2009-04-03,4072.9359
2009-04-06,4136.3279
2009-04-07,4007.2799
2009-04-08,4174.8159
2009-04-09,4369.5199
2009-04-13,4247.2639
2009-04-14,4188.3999
2009-04-15,4163.4959
2009-04-16,4161.2319
2009-04-17,4190.6639
2009-04-20,3971.0559
2009-04-21,4109.1599
2009-04-22,4258.5839
2009-04-23,4192.9279
2009-04-24,4455.5519
2009-04-27,4303.8639
2009-04-28,4233.6799
2009-04-29,4403.4799
2009-04-30,4514.4159
2009-05-01,4444.2319
2009-05-04,4634.4079
2009-05-05,4627.6159
2009-05-06,4634.4079
2009-05-07,4408.0079
2009-05-08,4460.0799
2009-05-11,4482.7199
2009-05-12,4392.1599
2009-05-13,4188.3999
2009-05-14,4265.3759
2009-05-15,4301.5999
2009-05-18,4410.2719
2009-05-19,4396.6879
2009-05-20,4333.2959
2009-05-21,4263.1119
2009-05-22,4686.4799
2009-05-26,4781.5679
2009-05-27,4790.6239
2009-05-28,4797.4159
2009-05-29,4858.5439
2009-06-01,5130.2239
2009-06-02,5030.6079
2009-06-03,5043.2706
2009-06-04,5068.3956
2009-06-05,5063.8275
2009-06-08,5031.8502
2009-06-09,5130.0661
2009-06-10,5093.5206
2009-06-11,5116.3615
2009-06-12,5079.8161
2009-06-15,4867.3957
2009-06-16,4792.0207
2009-06-17,4789.7367
2009-06-18,4732.6344
2009-06-19,4691.5208
2009-06-22,4522.4981
2009-06-23,4508.7936
2009-06-24,4531.6345
2009-06-25,4586.4527
2009-06-26,4511.0777
2009-06-29,4463.1118
2009-06-30,4335.2028
2009-07-01,4262.1119
2009-07-02,4136.4869
2009-07-06,4150.1915
2009-07-07,4040.5551
2009-07-08,3885.237
2009-07-09,4054.2597
2009-07-10,4063.396
2009-07-13,4102.2256
2009-07-14,4120.4983
2009-07-15,4216.4301
2009-07-16,4266.6801
2009-07-17,4287.2369
2009-07-20,4410.5777
2009-07-21,4645.839
2009-07-22,4828.5662
2009-07-23,5015.8616
2009-07-24,5093.5206
2009-07-27,5002.157
2009-07-28,5141.4865
2009-07-29,5006.7252
2009-07-30,4977.032
2009-07-31,4981.6002
2009-08-03,4999.8729
2009-08-04,5006.9536
2009-08-05,4970.1798
2009-08-06,4981.6002
2009-08-07,5426.9978
2009-08-10,5452.1227
2009-08-11,5477.2477
2009-08-12,5648.5545
2009-08-13,5527.4977
2009-08-14,5797.0203
2009-08-17,5445.2705
2009-08-18,5564.0432
2009-08-19,5520.6454
2009-08-20,5543.4863
2009-08-21,5598.3045
2009-08-24,5486.3841
2009-08-25,5545.7704
2009-08-26,5525.2136
2009-08-27,5541.2023
2009-08-28,5495.2061
2009-08-31,5382.6371
2009-09-01,5214.9322
2009-09-02,5228.7162
2009-09-03,5182.7696
2009-09-04,5311.4199
2009-09-08,5240.2028
2009-09-09,5263.1761
2009-09-10,5463.0435
2009-09-11,5557.2339
2009-09-14,5495.2061
2009-09-15,5396.421
2009-09-16,5529.666
2009-09-17,5412.5023
2009-09-18,5407.9077
2009-09-21,5529.666
2009-09-22,5490.6114
2009-09-23,5446.9622
2009-09-24,5403.313
2009-09-25,5423.989
2009-09-28,5527.3687
2009-09-29,5559.5313
2009-09-30,5467.6382
2009-10-01,5249.3921
2009-10-02,5196.5536
2009-10-05,5286.1493
2009-10-06,5458.4489
2009-10-07,5481.4221
2009-10-08,5495.2061
2009-10-09,5621.5591
2009-10-12,5747.9121
2009-10-13,5763.9934
2009-10-14,5796.1559
2009-10-15,5855.8864
2009-10-16,5855.8864
2009-10-19,5966.1581
2009-10-20,5906.4276
2009-10-21,6186.7015
2009-10-22,6221.1614
2009-10-23,6106.2951
2009-10-26,5998.3207
2009-10-27,5922.5089
2009-10-28,5853.5891
2009-10-29,5938.5902
2009-10-30,5727.2361
2009-11-02,5796.1559
2009-11-03,5796.1559
2009-11-04,5842.1025
2009-11-05,6000.618
2009-11-06,6085.6191
2009-11-09,6338.3251
2009-11-10,6340.6224
2009-11-11,6361.2984
2009-11-12,6198.1882
2009-11-13,6260.216
2009-11-16,6303.8652
2009-11-17,6202.7828
2009-11-18,5559.5313
2009-11-19,5525.0714
2009-11-20,5469.9355
2009-11-23,5596.2885
2009-11-24,5486.0168
2009-11-25,5520.4767
2009-11-27,5426.2863
2009-11-30,5387.2317
2009-12-01,5504.3954
2009-12-02,5492.9088
2009-12-03,5492.9088
2009-12-04,5731.8308
2009-12-07,5678.9923
2009-12-08,5628.1277
2009-12-09,5453.5409
2009-12-10,5384.625
2009-12-11,5428.2717
2009-12-14,5641.9109
2009-12-15,5616.6417
2009-12-16,5632.7221
2009-12-17,5556.9146
2009-12-18,5653.3968
2009-12-21,5747.5818
2009-12-22,5742.9874
2009-12-23,5811.9033
2009-12-24,5945.1406
2009-12-28,5844.064
2009-12-29,5860.1444
2009-12-30,5862.4416
2009-12-31,5837.1724
2010-01-04,5896.8995
2010-01-05,5807.3089
2010-01-06,5821.0921
2010-01-07,5853.2528
2010-01-08,6032.434
2010-01-11,6030.1368
2010-01-12,5947.4378
2010-01-13,6030.1368
2010-01-14,6110.5386
2010-01-15,5991.0845
2010-01-19,6011.7593
2010-01-20,6000.2733
2010-01-21,5901.4939
2010-01-22,5765.9594
2010-01-25,5685.5576
2010-01-26,5600.5614
2010-01-27,5621.2361
2010-01-28,5465.0268
2010-01-29,5465.0268
2010-02-01,5469.6212
2010-02-02,5501.782
2010-02-03,5517.8623
2010-02-04,5272.0625
2010-02-05,5299.6288
2010-02-08,5306.5204
2010-02-09,5409.8942
2010-02-10,5419.083
2010-02-11,5554.6175
2010-02-12,5563.8062
2010-02-16,5798.1201
2010-02-17,5945.1406
2010-02-18,5954.3294
2010-02-19,5970.4097
2010-02-22,5991.0845
2010-02-23,5894.6023
2010-02-24,6406.8768
2010-02-25,6416.0656
2010-02-26,6404.5796
2010-03-01,6466.6039
2010-03-02,6544.7085
2010-03-03,6572.2748
2010-03-04,6540.1141
2010-03-05,6627.4075
2010-03-08,6641.1907
2010-03-09,6675.6486
2010-03-10,6703.2149
2010-03-11,6668.757
2010-03-12,6698.6206
2010-03-15,6721.5925
2010-03-16,6733.0785
2010-03-17,6781.3196
2010-03-18,6758.3476
2010-03-19,6687.1346
2010-03-22,6776.7252
2010-03-23,6824.9663
2010-03-24,6760.6448
2010-03-25,6774.428
2010-03-26,6764.3501
2010-03-29,6778.1081
2010-03-30,6741.4201
2010-03-31,6736.8341
2010-04-01,6686.3881
2010-04-05,6920.2741
2010-04-06,7087.6631
2010-04-07,7028.0451
2010-04-08,7128.9371
2010-04-09,7138.1091
2010-04-12,7206.8991
2010-04-13,7268.8101
2010-04-14,7268.8101
2010-04-15,7310.0841
2010-04-16,7234.4151
2010-04-19,7167.9181
2010-04-20,7374.2881
2010-04-21,7440.7851
2010-04-22,7713.6521
2010-04-23,7846.6461
2010-04-26,7961.2961
2010-04-27,7760.6586
2010-04-28,7826.0091
2010-04-29,7949.8311
2010-04-30,7793.9071
2010-05-03,8000.2771
2010-05-04,7624.2251
2010-05-05,7270.012
2010-05-06,7006.3566
2010-05-07,6891.7238
2010-05-10,7428.2053
2010-05-11,7249.3781
2010-05-12,7513.0335
2010-05-13,7419.0346
2010-05-14,7054.5023
2010-05-17,7043.0391
2010-05-18,6912.3577
2010-05-19,6958.2108
2010-05-20,6483.631
2010-05-21,6733.5305
2010-05-24,6744.9938
2010-05-25,6641.8243
2010-05-26,6570.7519
2010-05-27,6783.9689
2010-05-28,6708.3113
2010-06-01,6547.8254
2010-06-02,6703.726
2010-06-03,6873.3825
2010-06-04,6407.1891
2010-06-07,6124.3755
2010-06-08,6033.7375
2010-06-09,6067.0097
2010-06-10,6287.2945
2010-06-11,6328.5979
2010-06-14,6307.9462
2010-06-15,6548.8827
2010-06-16,6539.7041
2010-06-17,6541.9988
2010-06-18,6709.507
2010-06-21,6654.4358
2010-06-22,6523.6417
2010-06-23,6385.9637
2010-06-24,6025.7063
2010-06-25,6099.1346
2010-06-28,5966.0459
2010-06-29,5640.208
2010-06-30,5589.7261
2010-07-01,5637.9133
2010-07-02,5578.2529
2010-07-06,5518.5924
2010-07-07,5674.6275
2010-07-08,5647.0919
2010-07-09,5720.5201
2010-07-12,5754.9396
2010-07-13,6009.6439
2010-07-14,6076.1883
2010-07-15,6073.8936
2010-07-16,5816.8947
2010-07-19,5860.4927
2010-07-20,6108.3131
2010-07-21,6096.84
2010-07-22,6434.151
2010-07-23,6620.0163
2010-07-26,6826.5333
2010-07-27,6688.8553
2010-07-28,6583.3022
2010-07-29,6709.507
2010-07-30,6778.346
2010-08-02,7053.7019
2010-08-03,6996.3361
2010-08-04,7081.2375
2010-08-05,6952.7381
2010-08-06,6601.6592
2010-08-09,6661.3197
2010-08-10,6562.6505
2010-08-11,6406.6154
2010-08-12,6298.7677
2010-08-13,6452.5081
2010-08-16,6346.955
2010-08-17,6404.3208
2010-08-18,6477.749
2010-08-19,6340.0711
2010-08-20,6450.2134
2010-08-23,6278.116
2010-08-24,6289.5891
2010-08-25,6314.8301
2010-08-26,6287.2945
2010-08-27,6512.1685
2010-08-30,6317.1247
2010-08-31,6363.0174
2010-09-01,6552.5831
2010-09-02,6663.952
2010-09-03,6823.0505
2010-09-07,6702.5902
2010-09-08,6834.4146
2010-09-09,6904.8725
2010-09-10,7036.6969
2010-09-13,7263.9804
2010-09-14,7343.5297
2010-09-15,7384.4407
2010-09-16,7438.9887
2010-09-17,7400.3505
2010-09-20,7600.36
2010-09-21,7516.2651
2010-09-22,7195.7954
2010-09-23,7095.7907
2010-09-24,7266.2533
2010-09-27,7225.3422
2010-09-28,7350.3482
2010-09-29,7259.4348
2010-09-30,7266.2533
2010-10-01,7245.7978
2010-10-04,7132.156
2010-10-05,7434.4431
2010-10-06,7145.793
2010-10-07,7259.4348
2010-10-08,7143.5202
2010-10-11,7241.2521
2010-10-12,7427.6246
2010-10-13,7604.9057
2010-10-14,7579.9045
2010-10-15,7573.086
2010-10-18,7536.7206
2010-10-19,7448.0801
2010-10-20,7729.9116
2010-10-21,7777.6411
2010-10-22,7918.5569
2010-10-25,8052.6542
2010-10-26,8098.1109
2010-10-27,8098.1109
2010-10-28,8050.3813
2010-10-29,8227.0942
2010-11-01,7934.4667
2010-11-02,8025.3801
2010-11-03,8025.3801
2010-11-04,8145.8404
2010-11-05,8109.475
2010-11-08,8048.1085
2010-11-09,8023.1073
2010-11-10,8150.3861
2010-11-11,8245.8451
2010-11-12,8011.7431
2010-11-15,7982.1963
2010-11-16,7845.8262
2010-11-17,8018.5616
2010-11-18,8241.2995
2010-11-19,7675.3636
2010-11-22,7911.7384
2010-11-23,7823.0978
2010-11-24,8052.6542
2010-11-26,8000.379
2010-11-29,8073.1097
2010-11-30,8020.8345
2010-12-01,8311.7573
2010-12-02,8554.9507
2010-12-03,8634.4999
2010-12-06,8541.3137
2010-12-07,8475.0078
2010-12-08,8602.349
2010-12-09,8661.4716
2010-12-10,8893.4144
2010-12-13,8766.0733
2010-12-14,8850.2094
2010-12-15,8711.4985
2010-12-16,8802.4565
2010-12-17,8897.9623
2010-12-20,8957.085
2010-12-21,9016.2077
2010-12-22,9009.3858
2010-12-23,8938.8934
2010-12-27,8897.9623
2010-12-28,8870.6749
2010-12-29,8920.7018
2010-12-30,8820.6481
2010-12-31,8686.4851
2011-01-03,8929.7976
2011-01-04,8760.3884
2011-01-05,9377.7656
2011-01-06,9382.3135
2011-01-07,9268.616
2011-01-10,9292.4925
2011-01-11,9277.7118
2011-01-12,9216.3152
2011-01-13,9341.3824
2011-01-14,9423.2446
2011-01-18,9557.4075
2011-01-19,9434.6143
2011-01-20,9393.6832
2011-01-21,9436.8882
2011-01-24,9334.5605
2011-01-25,9170.8362
2011-01-26,9295.9034
2011-01-27,9270.89
2011-01-28,9088.9741
2011-01-31,9250.4244
2011-02-01,9586.9689
2011-02-02,9871.2125
2011-02-03,9948.5268
2011-02-04,9934.8831
2011-02-07,9896.2259
2011-02-08,9762.0629
2011-02-09,9605.1605
2011-02-10,9721.1319
2011-02-11,9707.4882
2011-02-14,9627.9
2011-02-15,9712.0361
2011-02-16,9968.9923
2011-02-17,9928.0612
2011-02-18,9868.9385
2011-02-22,9573.3252
2011-02-23,9002.564
2011-02-24,9193.5757
2011-02-25,9721.1319
2011-02-28,9561.9554
2011-03-01,9370.9437
2011-03-02,9175.3841
2011-03-03,9361.8479
2011-03-04,9257.2463
2011-03-07,9120.8093
2011-03-08,9250.4244
2011-03-09,9173.1102
2011-03-10,9073.0564
2011-03-11,9120.8093
2011-03-14,9182.206
2011-03-15,8925.2497
2011-03-16,8747.8817
2011-03-17,8768.3472
2011-03-18,8959.359
2011-03-21,9316.9374
2011-03-22,9439.1622
2011-03-23,9464.1756
2011-03-24,9962.1705
2011-03-25,9839.3772
2011-03-28,9771.1587
2011-03-29,9868.9385
2011-03-30,9914.4175
2011-03-31,10030.3889
2011-04-01,9966.7184
2011-04-04,10005.3755
2011-04-05,9996.2797
2011-04-06,9884.8562
2011-04-07,9814.3638
2011-04-08,9730.2277
2011-04-11,9743.8714
2011-04-12,9632.4479
2011-04-13,9693.8445
2011-04-14,9709.7621
2011-04-15,9798.4461
2011-04-18,9657.4613
2011-04-19,9648.3655
2011-04-20,10084.9637
2011-04-21,10205.483
2011-04-25,10357.8376
2011-04-26,10230.4964
2011-04-27,10257.7838
2011-04-28,10232.7704
2011-04-29,10228.2225
2011-05-02,10155.4561
2011-05-03,10055.4024
2011-05-04,9948.5268
2011-05-05,9875.7604
2011-05-06,10075.8679
2011-05-09,10071.32
2011-05-10,10266.8796
2011-05-11,10278.2494
2011-05-12,10457.8913
2011-05-13,10362.3855
2011-05-16,10094.0595
2011-05-17,9889.4041
2011-05-18,10069.0461
2011-05-19,10094.0595
2011-05-20,9630.1739
2011-05-23,9611.9823
2011-05-24,9571.0512
2011-05-25,9636.9958
2011-05-26,9705.2142
2011-05-27,9664.2831
2011-05-31,9773.4327
2011-06-01,9423.2446
2011-06-02,9405.053
2011-06-03,9432.1692
2011-06-06,9302.8349
2011-06-07,9131.9288
2011-06-08,8831.6883
2011-06-09,8794.7357
2011-06-10,8753.1639
2011-06-13,8674.6395
2011-06-14,8757.783
2011-06-15,8445.9948
2011-06-16,8415.9708
2011-06-17,8241.6004
2011-06-20,8245.0647
2011-06-21,8554.5433
2011-06-22,8422.8994
2011-06-23,8584.5674
2011-06-24,8473.7093
2011-06-27,8644.6154
2011-06-28,8817.8311
2011-06-29,8900.9746
2011-06-30,8914.8319
2011-07-01,8937.9273
2011-07-05,8977.1895
2011-07-06,9092.6666
2011-07-07,9328.2399
2011-07-08,9265.8822
2011-07-11,9004.904
2011-07-12,8598.4246
2011-07-13,8605.3532
2011-07-14,8395.1849
2011-07-15,8348.9941
2011-07-18,8159.6116
2011-07-19,8390.5658
2011-07-20,8284.3269
2011-07-21,8360.5418
2011-07-22,8561.4719
2011-07-25,8425.209
2011-07-26,8445.9948
2011-07-27,8060.3013
2011-07-28,7930.967
2011-07-29,7944.8242
2011-08-01,7945.979
2011-08-02,7723.1082
2011-08-03,7840.8949
2011-08-04,7291.2239
2011-08-05,7141.1037
2011-08-08,6480.5747
2011-08-09,6919.3876
2011-08-10,6503.6701
2011-08-11,6639.9331
2011-08-12,6739.2434
2011-08-15,6949.4117
2011-08-16,6801.601
2011-08-17,6663.0285
2011-08-18,6122.5957
2011-08-19,5406.6377
2011-08-22,5609.8774
2011-08-23,5838.522
2011-08-24,6113.3575
2011-08-25,5903.1892
2011-08-26,6150.3102
2011-08-29,6478.2651
2011-08-30,6397.4311
2011-08-31,6512.9082
2011-09-01,6230.8939
2011-09-02,6036.393
2011-09-06,5979.1868
2011-09-07,6178.2642
2011-09-08,6013.5105
2011-09-09,5814.4331
2011-09-12,6114.1933
2011-09-13,6336.1532
2011-09-14,6512.3481
2011-09-15,6729.7315
2011-09-16,6738.8845
2011-09-19,6587.8602
2011-09-20,6432.2595
2011-09-21,6535.2306
2011-09-22,6329.2884
2011-09-23,6484.8892
2011-09-26,6475.7362
2011-09-27,6743.461
2011-09-28,6567.266
2011-09-29,6702.2725
2011-09-30,6359.0356
2011-10-03,5823.5861
2011-10-04,5967.7456
2011-10-05,6226.3174
2011-10-06,6404.8006
2011-10-07,6473.4479
2011-10-10,6697.696
2011-10-11,6867.0263
2011-10-12,7098.1391
2011-10-13,7091.2744
2011-10-14,7418.4935
2011-10-17,7150.7688
2011-10-18,7297.2165
2011-10-19,7084.4096
2011-10-20,7155.3452
2011-10-21,7272.0458
2011-10-24,7562.653
2011-10-25,7407.0523
2011-10-26,7491.7174
2011-10-27,8150.7323
2011-10-28,8198.7854
2011-10-31,7917.3312
2011-11-01,7544.3471
2011-11-02,7677.0653
2011-11-03,8045.4729
2011-11-04,8013.4375
2011-11-07,7940.2136
2011-11-08,8134.7145
2011-11-09,7445.9525
2011-11-10,7487.1409
2011-11-11,7825.8013
2011-11-14,7690.7948
2011-11-15,7789.1894
2011-11-16,8141.5793
2011-11-17,7883.0075
2011-11-18,7665.6241
2011-11-21,7413.917
2011-11-22,7180.516
2011-11-23,6873.891
2011-11-25,6818.9731
2011-11-28,7230.8574
2011-11-29,7205.6867
2011-11-30,7796.0541
2011-12-01,7841.819
2011-12-02,7773.1717
2011-12-05,7800.6306
2011-12-06,7888.1041
2011-12-07,7892.6401
2011-12-08,7693.0561
2011-12-09,7799.6521
2011-12-12,7584.1921
2011-12-13,7416.3601
2011-12-14,7087.5001
2011-12-15,7046.6761
2011-12-16,7076.1601
2011-12-19,6849.3601
2011-12-20,7141.9321
2011-12-21,6874.3081
2011-12-22,6908.3281
2011-12-23,6987.7081
2011-12-27,6980.9041
2011-12-28,6783.5881
2011-12-29,6894.7201
2011-12-30,6878.8441
2012-01-03,6987.7081
2012-01-04,6851.6281
2012-01-05,6989.9761
2012-01-06,7021.7281
2012-01-09,7048.9441
2012-01-10,7377.8041
2012-01-11,7298.4241
2012-01-12,7325.6401
2012-01-13,7239.4561
2012-01-17,7293.8881
2012-01-18,7788.3121
2012-01-19,8035.5241
2012-01-20,7947.0721
2012-01-23,7860.8881
2012-01-24,8121.7081
2012-01-25,8216.9641
2012-01-26,8289.5401
2012-01-27,8300.8801
2012-01-30,8144.3881
2012-01-31,8164.8001
2012-02-01,8391.6001
2012-02-02,8350.7761
2012-02-03,8584.3801
2012-02-06,8562.8341
2012-02-07,8695.5121
2012-02-08,8700.0481
2012-02-09,8709.1201
2012-02-10,8511.8041
2012-02-13,8702.3161
2012-02-14,8797.5721
2012-02-15,8765.8201
2012-02-16,8965.4041
2012-02-17,8824.7881
2012-02-21,8643.3481
2012-02-22,8563.9681
2012-02-23,8663.7601
2012-02-24,8532.2161
2012-02-27,8622.9361
2012-02-28,8616.1321
2012-02-29,8584.3801
2012-03-01,8616.1321
2012-03-02,8412.0121
2012-03-05,8312.2201
2012-03-06,8101.2961
2012-03-07,8178.4081
2012-03-08,8282.7361
2012-03-09,8348.5081
2012-03-12,8316.7561
2012-03-13,8770.3561
2012-03-14,8924.5801
2012-03-15,9090.1441
2012-03-16,9276.1201
2012-03-19,9389.5201
2012-03-20,9321.4801
2012-03-21,9478.4101
2012-03-22,9342.0301
2012-03-23,9337.4841
2012-03-26,9630.7011
2012-03-27,9589.7871
2012-03-28,9523.8701
2012-03-29,9555.6921
2012-03-30,9619.3361
2012-04-02,9623.8821
2012-04-03,9635.2471
2012-04-04,9489.7751
2012-04-05,9419.3121
2012-04-09,9214.7421
2012-04-10,8964.7121
2012-04-11,9005.6261
2012-04-12,9196.5581
2012-04-13,9376.1251
2012-04-16,9339.7571
2012-04-17,9501.1401
2012-04-18,9417.0391
2012-04-19,9223.8341
2012-04-20,9187.4661
2012-04-23,8871.5191
2012-04-24,8798.7831
2012-04-25,8926.0711
2012-04-26,9135.1871
2012-04-27,9007.8991
2012-04-30,8948.8011
2012-05-01,9257.9291
2012-05-02,9128.3681
2012-05-03,8846.5161
2012-05-04,8514.6581
2012-05-07,8455.5601
2012-05-08,8321.4531
2012-05-09,8364.6401
2012-05-10,8223.7141
2012-05-11,8239.6251
2012-05-14,8166.8891
2012-05-15,8285.0851
2012-05-16,8157.7971
2012-05-17,7894.1291
2012-05-18,6878.0981
2012-05-21,7239.5051
2012-05-22,7371.3391
2012-05-23,7314.5141
2012-05-24,7241.7781
2012-05-25,7300.8761
2012-05-29,7450.8941
2012-05-30,7307.6951
2012-05-31,7278.1461
2012-06-01,7009.9321
2012-06-04,7007.6591
2012-06-05,7107.6711
2012-06-06,7525.9031
2012-06-07,7421.3451
2012-06-08,7450.8941
2012-06-11,7316.8321
2012-06-12,7422.5401
2012-06-13,7284.6601
2012-06-14,7371.9841
2012-06-15,7668.4261
2012-06-18,7730.4721
2012-06-19,7960.2721
2012-06-20,7967.1661
2012-06-21,7594.8901
2012-06-22,7769.5381
2012-06-25,7539.7381
2012-06-26,7571.9101
2012-06-27,7709.7901
2012-06-28,7544.3341
2012-06-29,8040.7021
2012-07-02,7930.3981
2012-07-03,7974.0601
2012-07-05,7962.5701
2012-07-06,7424.8381
2012-07-09,7218.0181
2012-07-10,7043.3701
2012-07-11,7013.4961
2012-07-12,7183.5481
2012-07-13,7289.2561
2012-07-16,7213.4221
2012-07-17,7337.5141
2012-07-18,7401.8581
2012-07-19,7685.6611
2012-07-20,7390.3681
2012-07-23,7305.3421
2012-07-24,7198.4851
2012-07-25,7339.8121
2012-07-26,7694.8531
2012-07-27,7951.0801
2012-07-30,7840.7761
2012-07-31,7794.8161
2012-08-01,7822.3921
2012-08-02,7762.6441
2012-08-03,8038.4041
2012-08-06,7971.7621
2012-08-07,8100.4501
2012-08-08,8114.2381
2012-08-09,8082.0661
2012-08-10,8045.2981
2012-08-13,7969.4641
2012-08-14,7849.9681
2012-08-15,7923.5041
2012-08-16,7967.1661
2012-08-17,8036.1061
2012-08-20,7804.0081
2012-08-21,7951.0801
2012-08-22,8155.6021
2012-08-23,8206.1581
2012-08-24,6923.8741
2012-08-27,7011.1981
2012-08-28,7176.6541
2012-08-29,7105.4161
2012-08-30,6988.2181
2012-08-31,7045.2448
2012-09-04,7126.9288
2012-09-05,7101.9698
2012-09-06,7435.3143
2012-09-07,7310.7178
2012-09-10,7253.9928
2012-09-11,7303.9108
2012-09-12,7392.4018
2012-09-13,7427.5713
2012-09-14,7594.3428
2012-09-17,7621.5708
2012-09-18,7594.3428
2012-09-19,7614.7638
2012-09-20,7626.1088
2012-09-21,7641.9918
2012-09-24,7596.6118
2012-09-25,7471.8168
2012-09-26,7351.5598
2012-09-27,7555.7698
2012-09-28,7567.1148
2012-10-01,7573.9218
2012-10-02,7580.7288
2012-10-03,7664.6818
2012-10-04,7528.5418
2012-10-05,7510.3898
2012-10-08,7362.9048
2012-10-09,7140.5428
2012-10-10,7040.7068
2012-10-11,7036.1688
2012-10-12,7079.2798
2012-10-15,7238.1098
2012-10-16,7415.0918
2012-10-17,7306.1798
2012-10-18,7167.7708
2012-10-19,6913.6428
2012-10-22,7022.5548
2012-10-23,7117.8528
2012-10-24,7138.2738
2012-10-25,7283.4898
2012-10-26,7331.1388
2012-10-31,7227.2186
2012-11-01,7349.2908
2012-11-02,7292.5658
2012-11-05,7256.5171
2012-11-06,7353.8288
2012-11-07,7163.2328
2012-11-08,6972.6368
2012-11-09,7020.2858
2012-11-12,7033.8998
2012-11-13,6952.2158
2012-11-14,6906.8358
2012-11-15,6920.4498
2012-11-16,7142.9678
2012-11-19,7106.5078
2012-11-20,7004.4028
2012-11-21,7111.0458
2012-11-23,7215.4198
2012-11-26,7315.2558
2012-11-27,7242.6478
2012-11-28,7510.3898
2012-11-29,7603.4188
2012-11-30,7517.1968
2012-12-03,7485.4308
2012-12-04,7505.8518
2012-12-05,7623.8398
2012-12-06,7669.2198
2012-12-07,7660.1438
2012-12-10,7630.8119
2012-12-11,7779.1139
2012-12-12,7704.9629
2012-12-13,7612.8359
2012-12-14,7686.9869
2012-12-17,7837.5359
2012-12-18,8028.5309
2012-12-19,8089.1999
2012-12-20,8066.7299
2012-12-21,7974.6029
2012-12-24,8017.2959
2012-12-26,7898.2049
2012-12-27,7891.4639
2012-12-28,7862.2529
2012-12-31,7943.1449
2013-01-02,8300.4179
2013-01-03,8172.3389
2013-01-04,8170.0919
2013-01-07,8109.4229
2013-01-08,8156.6099
2013-01-09,8239.7489
2013-01-10,8206.0439
2013-01-11,8268.9599
2013-01-14,8275.7009
2013-01-15,8248.7369
2013-01-16,8253.2309
2013-01-17,8388.0509
2013-01-18,8426.2499
2013-01-22,8212.7849
2013-01-23,8282.4419
2013-01-24,8448.7199
2013-01-25,8761.0529
2013-01-28,8731.8419
2013-01-29,8731.8419
2013-01-30,8702.6309
2013-01-31,8736.3359
2013-02-01,8749.8179
2013-02-04,8657.6909
2013-02-05,8776.7819
2013-02-06,8698.1369
2013-02-07,8684.6549
2013-02-08,8738.5829
2013-02-11,8738.5829
2013-02-12,8743.0769
2013-02-13,8686.9019
2013-02-14,8689.1489
2013-02-15,8763.2999
2013-02-19,8758.8059
2013-02-20,8702.6309
2013-02-21,8531.8589
2013-02-22,8518.3769
2013-02-25,8228.5139
2013-02-26,8266.7129
2013-02-27,8134.1399
2013-02-28,8250.9839
2013-03-01,8394.7919
2013-03-04,8684.6549
2013-03-05,8839.6979
2013-03-06,8974.5179
2013-03-07,8990.2469
2013-03-08,9026.1989
2013-03-11,9068.8919
2013-03-12,9055.4099
2013-03-13,9091.3619
2013-03-14,9143.0429
2013-03-15,9019.4579
2013-03-18,8994.7409
2013-03-19,8913.8489
2013-03-20,9248.6519
2013-03-21,9219.4409
2013-03-22,9300.7823
2013-03-25,9073.3859
2013-03-26,9122.8199
2013-03-27,9194.7239
2013-03-28,9268.8749
2013-04-01,8972.2709
2013-04-02,8891.3789
2013-04-03,8659.9379
2013-04-04,8646.4559
2013-04-05,8617.2449
2013-04-08,8617.2449
2013-04-09,8641.9619
2013-04-10,8908.2314
2013-04-11,8765.5469
2013-04-12,8619.4919
2013-04-15,8248.7369
2013-04-16,8468.9429
2013-04-17,8273.4539
2013-04-18,8041.1341
2013-04-19,8083.6561
2013-04-22,8110.5121
2013-04-23,8338.7881
2013-04-24,8405.9281
2013-04-25,8475.3061
2013-04-26,8349.9781
2013-04-29,8551.3981
2013-04-30,8813.2441
2013-05-01,8546.9221
2013-05-02,8623.0141
2013-05-03,8844.5761
2013-05-06,8862.4801
2013-05-07,8849.0521
2013-05-08,8947.5241
2013-05-09,8896.0501
2013-05-10,8896.0501
2013-05-13,8705.8201
2013-05-14,8822.1961
2013-05-15,8824.4341
2013-05-16,8902.7641
2013-05-17,8305.2181
2013-05-20,8278.3621
2013-05-21,8388.0241
2013-05-22,8184.3661
2013-05-23,8159.7481
2013-05-24,8074.7041
2013-05-28,8296.2661
2013-05-29,8302.9801
2013-05-30,8482.0201
2013-05-31,8443.9741
2013-06-03,8365.6441
2013-06-04,8213.4601
2013-06-05,8119.7761
2013-06-06,8086.0561
2013-06-07,8238.9201
2013-06-10,8086.0561
2013-06-11,7942.1841
2013-06-12,7852.2641
2013-06-13,8065.8241
2013-06-14,7888.2321
2013-06-17,7964.6641
2013-06-18,7897.2241
2013-06-19,7981.5241
2013-06-20,7769.0881
2013-06-21,7690.4081
2013-06-24,7526.3041
2013-06-25,7652.1921
2013-06-26,7787.0721
2013-06-27,7850.0161
2013-06-28,7629.7121
2013-07-01,7598.2401
2013-07-02,7528.5521
2013-07-03,7528.5521
2013-07-05,7679.1681
2013-07-08,7728.6241
2013-07-09,7730.8721
2013-07-10,7712.8881
2013-07-11,7957.9201
2013-07-12,8095.0481
2013-07-15,8122.0241
2013-07-16,8128.7681
2013-07-17,8182.7201
2013-07-18,8288.3761
2013-07-19,8204.0761
2013-07-22,8198.4561
2013-07-23,8200.7041
2013-07-24,8286.1281
2013-07-25,8256.9041
2013-07-26,8207.4481
2013-07-29,8128.7681
2013-07-30,8223.1841
2013-07-31,7955.6721
2013-08-01,7703.8961
2013-08-02,7874.7441
2013-08-05,7926.4481
2013-08-06,7845.5201
2013-08-07,7843.2721
2013-08-08,8002.8801
2013-08-09,8059.0801
2013-08-12,8081.5601
2013-08-13,8245.6641
2013-08-14,8259.1521
2013-08-15,8101.7921
2013-08-16,8079.3121
2013-08-19,7960.1681
2013-08-20,8023.1121
2013-08-21,8007.3761
2013-08-22,8122.0241
2013-08-23,8746.9681
2013-08-26,8517.6721
2013-08-27,8230.275
2013-08-28,8209.1375
2013-08-29,8236.95
2013-08-30,8176.875
2013-09-03,8261.425
2013-09-04,8259.2
2013-09-05,8241.4
2013-09-06,8263.65
2013-09-09,8388.25
2013-09-10,8472.8
2013-09-11,8523.975
2013-09-12,8428.3
2013-09-13,8495.05
2013-09-16,8693.075
2013-09-17,8746.475
2013-09-18,9037.95
2013-09-19,9109.15
2013-09-20,9122.5
2013-09-23,9069.1
2013-09-24,9082.45
2013-09-25,9048.8525
2013-09-26,9331.65
2013-09-27,9298.275
2013-09-30,9160.325
2013-10-01,9009.025
2013-10-02,9467.375
2013-10-03,9378.375
2013-10-04,9454.025
2013-10-07,9276.025
2013-10-08,8986.775
2013-10-09,8891.1
2013-10-10,9035.725
2013-10-11,9133.625
2013-10-14,9122.5
2013-10-15,9098.025
2013-10-16,9073.55
2013-10-17,8991.225
2013-10-18,8962.3
2013-10-21,8904.45
2013-10-22,8900.0
2013-10-23,8786.525
2013-10-24,8944.5
2013-10-25,8871.075
2013-10-28,8826.575
2013-10-29,8966.75
2013-10-30,8908.9
2013-10-31,8877.75
2013-11-01,9320.525
2013-11-04,9300.5
2013-11-05,9280.475
2013-11-06,9349.45
2013-11-07,9291.6
2013-11-08,9514.1
2013-11-11,9674.3
2013-11-12,9703.225
2013-11-13,9687.65
2013-11-14,9818.925
2013-11-15,9814.475
2013-11-18,9634.25
2013-11-19,9407.3
2013-11-20,9420.65
2013-11-21,9685.425
2013-11-22,10203.85
2013-11-25,10194.5943
2013-11-26,10169.8883
2013-11-27,10205.8243
2013-11-29,10163.1503
2013-12-02,10201.3323
2013-12-03,10278.8193
2013-12-04,10396.7343
2013-12-05,10318.1243
2013-12-06,10425.7077
2013-12-09,10506.7883
2013-12-10,10509.0343
2013-12-11,10275.4503
2013-12-12,10221.5463
2013-12-13,10722.4043
2013-12-16,10597.7513
2013-12-17,10668.5003
2013-12-18,10841.4423
2013-12-19,10790.9073
2013-12-20,11048.0743
2013-12-23,11108.7163
2013-12-24,11162.6203
2013-12-26,11092.9943
2013-12-27,11126.6843
2013-12-30,11135.6683
2013-12-31,11301.6477
2014-01-02,11061.5503
2014-01-03,10982.9403
2014-01-06,10952.8803
2014-01-07,11207.8083
2014-01-08,11334.1443
2014-01-09,11523.6483
2014-01-10,11611.6323
2014-01-13,11634.1923
2014-01-14,11875.5843
2014-01-15,12022.2243
2014-01-16,12092.1603
2014-01-17,12010.9443
2014-01-21,12024.4803
2014-01-22,11814.6723
2014-01-23,11699.6163
2014-01-24,11379.2643
2014-01-27,11413.1043
2014-01-28,11559.7443
2014-01-29,11201.0403
2014-01-30,11622.9123
2014-01-31,11562.0003
2014-02-03,11128.8483
2014-02-04,11307.0723
2014-02-05,11270.9763
2014-02-06,11496.5763
2014-02-07,11728.9443
2014-02-10,11794.3683
2014-02-11,11938.7523
2014-02-12,12130.5123
2014-02-13,12211.7283
2014-02-14,12220.7523
2014-02-18,12299.7123
2014-02-19,12288.4323
2014-02-20,12385.4403
2014-02-21,12498.2403
2014-02-24,12288.4323
2014-02-25,12331.2963
2014-02-26,12344.8323
2014-02-27,12245.5683
2014-02-28,11839.4883
2014-03-03,11656.7523
2014-03-04,12069.6003
2014-03-05,12056.0643
2014-03-06,12123.7443
2014-03-07,12094.4163
2014-03-10,11947.6614
2014-03-11,11997.6421
2014-03-12,11890.8652
2014-03-13,11466.0291
2014-03-14,11466.0291
2014-03-17,11650.049
2014-03-18,11911.3118
2014-03-19,11597.7965
2014-03-20,11725.0201
2014-03-21,11368.3396
2014-03-24,11300.1841
2014-03-25,11309.2715
2014-03-26,11059.3679
2014-03-27,10968.4939
2014-03-28,10982.125
2014-03-31,11172.9604
2014-04-01,11375.1551
2014-04-02,11263.8344
2014-04-03,10975.3094
2014-04-04,10750.3963
2014-04-07,10584.5512
2014-04-08,10711.7748
2014-04-09,11016.2028
2014-04-10,10443.6964
2014-04-11,10266.4921
2014-04-14,10411.8905
2014-04-15,10636.8037
2014-04-16,10802.6488
2014-04-17,11016.2028
2014-04-21,10995.7561
2014-04-22,11134.339
2014-04-23,10957.1346
2014-04-24,10841.2703
2014-04-25,10691.5053
2014-04-28,10605.0633
2014-04-29,10821.1682
2014-04-30,10923.5337
2014-05-01,11014.5252
2014-05-02,10846.1909
2014-05-05,10809.7943
2014-05-06,10698.3297
2014-05-07,10636.9104
2014-05-08,10650.5591
2014-05-09,10657.3835
2014-05-12,11057.7462
2014-05-13,10991.7774
2014-05-14,10934.9076
2014-05-15,10878.0379
2014-05-16,11753.803
2014-05-19,11726.534
2014-05-20,11617.3442
2014-05-21,11585.4971
2014-05-22,11717.4348
2014-05-23,11828.8995
2014-05-27,11935.8145
2014-05-28,11765.2054
2014-05-29,11985.8599
2014-05-30,11913.0666
2014-06-02,11947.1885
2014-06-03,12111.1248
2014-06-04,12083.7808
2014-06-05,12241.0089
2014-06-06,12503.0558
2014-06-09,12421.0238
2014-06-10,12323.041
2014-06-11,12325.3197
2014-06-12,12270.6316
2014-06-13,12361.7784
2014-06-16,12436.9744
2014-06-17,12448.3678
2014-06-18,12979.2976
2014-06-19,12831.1841
2014-06-20,12803.8401
2014-06-23,12799.2828
2014-06-24,12714.972
2014-06-25,12673.956
2014-06-26,12817.5121
2014-06-27,12851.6922
2014-06-30,12847.1348
2014-07-01,13018.035
2014-07-02,12949.6749
2014-07-03,12961.0683
2014-07-07,12744.5947
2014-07-08,12678.5133
2014-07-09,12676.2347
2014-07-10,12631.8006
2014-07-11,12662.5627
2014-07-14,12769.6601
2014-07-15,12642.0546
2014-07-16,12628.3826
2014-07-17,12628.3826
2014-07-18,13070.4159
2014-07-21,12806.1188
2014-07-22,12849.4135
2014-07-23,12733.2014
2014-07-24,12760.5454
2014-07-25,12585.0879
2014-07-28,12575.9732
2014-07-29,12639.776
2014-07-30,12671.6773
2014-07-31,12156.6982
2014-08-01,12154.4195
2014-08-04,12338.9917
2014-08-05,12338.9917
2014-08-06,12357.221
2014-08-07,12220.5009
2014-08-08,12284.3036
2014-08-11,12382.2864
2014-08-12,12446.0891
2014-08-13,12712.6934
2014-08-14,12824.3481
2014-08-15,11999.47
2014-08-18,12256.9596
2014-08-19,12247.8449
2014-08-20,12211.3862
2014-08-21,12254.6809
2014-08-22,12181.7635
2014-08-25,12199.9929
2014-08-26,12359.4997
2014-08-27,12254.6809
2014-08-28,12304.8116
2014-08-29,12222.7796
2014-09-02,12148.0606
2014-09-03,12352.5734
2014-09-04,12311.6709
2014-09-05,12311.6709
2014-09-08,12354.8458
2014-09-09,12188.9632
2014-09-10,12127.6093
2014-09-11,12300.309
2014-09-12,12166.2395
2014-09-15,12209.4145
2014-09-16,12441.1956
2014-09-17,12473.0088
2014-09-18,12663.8874
2014-09-19,12636.619
2014-09-22,12470.7364
2014-09-23,12486.6429
2014-09-24,12647.9808
2014-09-25,12368.48
2014-09-26,12334.3945
2014-09-29,12507.0942
2014-09-30,12520.7284
2014-10-01,12647.9808
2014-10-02,13120.6326
2014-10-03,13206.9825
2014-10-06,13220.6167
2014-10-07,12859.3107
2014-10-08,12970.6566
2014-10-09,12741.1478
2014-10-10,12207.1421
2014-10-13,11802.6612
2014-10-14,11391.3632
2014-10-15,11479.9855
2014-10-16,11336.8265
2014-10-17,11541.3393
2014-10-20,11775.3928
2014-10-21,11998.0846
2014-10-22,11873.1045
2014-10-23,12168.5119
2014-10-24,12373.0247
2014-10-27,12445.7404
2014-10-28,12747.9649
2014-10-29,12716.1518
2014-10-30,13036.5551
2014-10-31,13075.1853
2014-11-03,13127.4497
2014-11-04,13234.2509
2014-11-05,13252.4298
2014-11-06,13452.3979
2014-11-07,13502.3899
2014-11-10,13497.8451
2014-11-11,13404.6782
2014-11-12,13402.4058
2014-11-13,13477.3939
2014-11-14,13556.9266
2014-11-17,13404.6782
2014-11-18,13459.2149
2014-11-19,13429.6742
2014-11-20,13272.8811
2014-11-21,14077.2981
2014-11-24,13925.0497
2014-11-25,13866.0158
2014-11-26,13938.7198
2014-11-28,14086.3998
2014-12-01,13747.8718
2014-12-02,13800.1278
2014-12-03,13961.4398
2014-12-04,13879.6478
2014-12-05,13855.9989
2014-12-08,13673.9825
2014-12-09,13689.909
2014-12-10,13403.2331
2014-12-11,13382.7563
2014-12-12,13396.4075
2014-12-15,13243.9688
2014-12-16,12884.4864
2014-12-17,12970.9442
2014-12-18,13528.3694
2014-12-19,13628.4784
2014-12-22,13694.4594
2014-12-23,13799.1188
2014-12-24,13876.4758
2014-12-26,13885.5766
2014-12-29,13823.0085
2014-12-30,13767.2659
2014-12-31,13664.8817
2015-01-02,13544.2958
2015-01-05,13346.353
2015-01-06,13082.4292
2015-01-07,13055.1267
2015-01-08,13378.2059
2015-01-09,13257.62
2015-01-12,13034.6499
2015-01-13,13046.0259
2015-01-14,12834.4318
2015-01-15,12675.1675
2015-01-16,12934.5409
2015-01-20,12991.421
2015-01-21,13093.8052
2015-01-22,13257.62
2015-01-23,13239.4183
2015-01-26,13248.5192
2015-01-27,12775.2765
2015-01-28,12420.3445
2015-01-29,12595.5353
2015-01-30,12287.245
2015-02-02,12312.2723
2015-02-03,12495.4263
2015-02-04,12841.2575
2015-02-05,12793.4782
2015-02-06,12984.5954
2015-02-09,13046.0259
2015-02-10,13309.9497
2015-02-11,13264.4456
2015-02-12,13439.6364
2015-02-13,13803.6692
2015-02-17,13908.3286
2015-02-18,13903.7782
2015-02-19,13983.4104
2015-02-20,14190.4541
2015-02-23,14094.8955
2015-02-24,14122.1979
2015-02-25,14108.5467
2015-02-26,13881.0262
2015-02-27,14615.9174
2015-03-02,14561.3125
2015-03-03,14265.5358
2015-03-04,14224.5821
2015-03-05,14322.416
2015-03-06,14047.1162
2015-03-09,14051.6666
2015-03-10,13569.3231
2015-03-11,13623.928
2015-03-12,13683.0833
2015-03-13,13760.4403
2015-03-16,13992.5112
2015-03-17,13976.5848
2015-03-18,14002.6019
2015-03-19,13859.4632
2015-03-20,13854.9191
2015-03-23,13820.8385
2015-03-24,13875.3675
2015-03-25,13484.5761
2015-03-26,13341.4374
2015-03-27,13341.4374
2015-03-30,13473.2159
2015-03-31,13323.261
2015-04-01,13345.9815
2015-04-02,13591.3621
2015-04-06,13566.3697
2015-04-07,13787.8939
2015-04-08,14046.9068
2015-04-09,14270.703
2015-04-10,14254.7987
2015-04-13,14034.4105
2015-04-14,14088.9396
2015-04-15,13974.2014
2015-04-16,14009.4181
2015-04-17,13711.7804
2015-04-20,13868.5514
2015-04-21,13998.0579
2015-04-22,14116.2041
2015-04-23,14257.0708
2015-04-24,14232.0783
2015-04-27,13768.5815
2015-04-28,13782.2138
2015-04-29,13552.5399
2015-04-30,12935.6877
2015-05-01,13107.5414
2015-05-04,13146.2369
2015-05-05,12915.2018
2015-05-06,12790.0104
2015-05-07,12826.4297
2015-05-08,13034.7027
2015-05-11,13076.8126
2015-05-12,12928.8591
2015-05-13,13359.0623
2015-05-14,13425.0723
2015-05-15,13384.1006
2015-05-18,13293.0523
2015-05-19,13092.746
2015-05-20,13106.4032
2015-05-21,13090.4698
2015-05-22,12835.5345
2015-05-26,12538.4895
2015-05-27,12630.6759
2015-05-28,12418.4295
2015-05-29,12327.3686
2015-06-01,12382.0052
2015-06-02,12372.8991
2015-06-03,12507.2139
2015-06-04,12231.7547
2015-06-05,12432.0887
2015-06-08,12347.8573
2015-06-09,12275.0086
2015-06-10,12514.0435
2015-06-11,12402.4939
2015-06-12,12306.8799
2015-06-15,12193.0538
2015-06-16,12164.5973
2015-06-17,12196.4686
2015-06-18,12330.7834
2015-06-19,12195.3303
2015-06-22,12418.4295
2015-06-23,12313.7095
2015-06-24,12272.7321
2015-06-25,12133.8642
2015-06-26,11883.4468
2015-06-29,11475.9493
2015-06-30,11399.6858
2015-07-01,11470.258
2015-07-02,11571.5632
2015-07-06,11598.8815
2015-07-07,12131.5877
2015-07-08,11946.0511
2015-07-09,11942.6363
2015-07-10,11954.019
2015-07-13,12029.1442
2015-07-14,12133.8642
2015-07-15,11969.9546
2015-07-16,11951.7424
2015-07-17,11881.1702
2015-07-20,11803.7685
2015-07-21,11865.2346
2015-07-22,11837.9163
2015-07-23,11916.4563
2015-07-24,11787.8328
2015-07-27,11621.6467
2015-07-28,11585.2223
2015-07-29,11403.1005
2015-07-30,11519.2032
2015-07-31,11514.6501
2015-08-03,12133.8642
2015-08-04,12327.3686
2015-08-05,12318.2625
2015-08-06,12051.9094
2015-08-07,12072.3981
2015-08-10,12379.7286
2015-08-11,12306.8799
2015-08-12,12479.8956
2015-08-13,12432.0887
2015-08-14,12489.0017
2015-08-17,12611.9339
2015-08-18,12427.5356
2015-08-19,12366.0695
2015-08-20,12088.3338
2015-08-21,11783.2798
2015-08-24,11243.744
2015-08-25,10966.0083
2015-08-26,11184.5544
2015-08-27,11382.6118
2015-08-28,10818.0343
2015-08-31,10574.8056
2015-09-01,10289.7948
2015-09-02,10402.8944
2015-09-03,10391.5844
2015-09-04,10262.6509
2015-09-08,10588.3776
2015-09-09,10441.3482
2015-09-10,10457.1821
2015-09-11,10473.0161
2015-09-14,10439.0862
2015-09-15,10545.3998
2015-09-16,10608.7355
2015-09-17,10581.5916
2015-09-18,10513.7319
2015-09-21,10724.097
2015-09-22,10615.5215
2015-09-23,10613.2595
2015-09-24,10642.6653
2015-09-25,10624.5694
2015-09-28,10436.8242
2015-09-29,10233.2451
2015-09-30,9984.4261
2015-10-01,9758.2271
2015-10-02,9952.7582
2015-10-05,10018.356
2015-10-06,10133.7175
2015-10-07,10382.5364
2015-10-08,10701.4771
2015-10-09,11665.0851
2015-10-12,11660.5611
2015-10-13,11780.4466
2015-10-14,11619.8452
2015-10-15,11798.5425
2015-10-16,11771.3986
2015-10-19,11861.8782
2015-10-20,11762.3506
2015-10-21,11565.5575
2015-10-22,11895.8081
2015-10-23,11850.5683
2015-10-26,12126.5311
2015-10-27,12237.3687
2015-10-28,12554.0473
2015-10-29,12454.5197
2015-10-30,12483.9256
2015-11-02,12868.464
2015-11-03,13103.711
2015-11-04,13081.0911
2015-11-05,14361.3777
2015-11-06,14449.5954
2015-11-09,14365.9017
2015-11-10,14331.9719
2015-11-11,14051.485
2015-11-12,13967.7914
2015-11-13,13673.7326
2015-11-16,13782.3082
2015-11-17,13854.6919
2015-11-18,13854.6919
2015-11-19,14112.5588
2015-11-20,13696.3525
2015-11-23,14184.9425
2015-11-24,14268.6361
2015-11-25,14232.4443
2015-11-27,14261.8502
2015-11-30,14356.8538
2015-12-01,14639.6026
2015-12-02,14601.1487
2015-12-03,14569.4809
2015-12-04,14768.536
2015-12-07,14420.1895
2015-12-08,14467.6913
2015-12-09,14251.6902
2015-12-10,14249.437
2015-12-11,13767.2454
2015-12-14,13686.1291
2015-12-15,13764.9922
2015-12-16,13954.2637
2015-12-17,13686.1291
2015-12-18,13411.2348
2015-12-21,13555.4417
2015-12-22,13741.3333
2015-12-23,13979.0492
2015-12-24,13936.2378
2015-12-28,13938.491
2015-12-29,14019.6074
2015-12-30,14026.3671
2015-12-31,13728.9405
2016-01-04,13589.2401
2016-01-05,13607.266
2016-01-06,13415.7413
2016-01-07,12613.5908
2016-01-08,12406.2935
2016-01-11,12444.5985
2016-01-12,12345.4563
2016-01-13,11462.1894
2016-01-14,11863.2647
2016-01-15,11130.9644
2016-01-19,10723.1295
2016-01-20,10792.9796
2016-01-21,10786.22
2016-01-22,11047.5948
2016-01-25,10808.7523
2016-01-26,10910.1477
2016-01-27,10475.274
2016-01-28,10200.3797
2016-01-29,10549.6306
2016-02-01,10736.6489
2016-02-02,10340.0801
2016-02-03,11167.0161
2016-02-04,11155.7499
2016-02-05,10403.1706
2016-02-08,9790.2916
2016-02-09,9607.7798
2016-02-10,9851.1288
2016-02-11,9747.4802
2016-02-12,10121.5166
2016-02-16,10114.7569
2016-02-17,10515.8322
2016-02-18,10759.1812
2016-02-19,11245.8792
2016-02-22,11345.0214
2016-02-23,11196.3081
2016-02-24,11081.3933
2016-02-25,11135.4709
2016-02-26,11534.2929
2016-02-29,11658.2206
2016-03-01,12237.3011
2016-03-02,12259.8335
2016-03-03,12345.4563
2016-03-04,12674.4281
2016-03-07,13107.0486
2016-03-08,12811.8752
2016-03-09,12773.5703
2016-03-10,12606.8311
2016-03-11,12755.5444
2016-03-14,12775.8235
2016-03-15,12690.2007
2016-03-16,12836.6608
2016-03-17,12856.9398
2016-03-18,13025.9322
2016-03-21,13107.0486
2016-03-22,13064.2372
2016-03-23,12861.2151
2016-03-24,12879.1746
2016-03-28,12820.8063
2016-03-29,13072.2387
2016-03-30,12998.156
2016-03-31,13090.1982
2016-04-01,12968.9719
2016-04-04,13063.259
2016-04-05,12820.8063
2016-04-06,12971.2168
2016-04-07,12659.1712
2016-04-08,12742.2337
2016-04-11,12766.928
2016-04-12,12553.6594
2016-04-13,12955.5023
2016-04-14,13038.5647
2016-04-15,13114.8924
2016-04-18,13276.5275
2016-04-19,13274.2826
2016-04-20,13332.6508
2016-04-21,13485.3062
2016-04-22,13366.3248
2016-04-25,13467.3467
2016-04-26,13696.3298
2016-04-27,13783.8821
2016-04-28,13781.6372
2016-04-29,13429.1829
2016-05-02,13783.0141
2016-05-03,13551.6876
2016-05-04,13190.0997
2016-05-05,13129.4607
2016-05-06,13174.3785
2016-05-09,13203.575
2016-05-10,13378.7543
2016-05-11,13257.4763
2016-05-12,13039.6252
2016-05-13,12996.9533
2016-05-16,13268.7058
2016-05-17,13021.6581
2016-05-18,12972.2486
2016-05-19,12918.3473
2016-05-20,12619.6442
2016-05-23,12792.5775
2016-05-24,13129.4607
2016-05-25,13230.5257
2016-05-26,13050.8546
2016-05-27,13327.0989
2016-05-31,13086.7888
2016-06-01,13093.5265
2016-06-02,13196.8374
2016-06-03,13091.2806
2016-06-06,13180.5705
2016-06-07,13182.8171
2016-06-08,13149.1187
2016-06-09,12982.8732
2016-06-10,12621.177
2016-06-13,12556.0267
2016-06-14,12515.5886
2016-06-15,12717.7791
2016-06-16,12753.7241
2016-06-17,12733.505
2016-06-20,12931.2023
2016-06-21,13045.7769
2016-06-22,12890.7642
2016-06-23,13268.1864
2016-06-24,12140.413
2016-06-27,11354.1168
2016-06-28,11565.2935
2016-06-29,11956.1951
2016-06-30,12162.8786
2016-07-01,12207.8098
2016-07-05,11861.8395
2016-07-06,11897.7845
2016-07-07,12025.8384
2016-07-08,12387.5347
2016-07-11,12466.1643
2016-07-12,12890.7642
2016-07-13,12776.1897
2016-07-14,13065.996
2016-07-15,13025.5579
2016-07-18,13032.2976
2016-07-19,12922.2161
2016-07-20,13090.7081
2016-07-21,12935.6955
2016-07-22,13205.2827
2016-07-25,13079.4753
2016-07-26,13198.543
2016-07-27,13393.9938
2016-07-28,13355.8023
2016-07-29,13355.8023
2016-08-01,13420.9525
2016-08-02,13000.8457
2016-08-03,13018.8182
2016-08-04,13086.215
2016-08-05,13328.8435
2016-08-08,13337.8298
2016-08-09,13555.7462
2016-08-10,13546.7599
2016-08-11,13863.5249
2016-08-12,13890.4837
2016-08-15,14148.8381
2016-08-16,14074.7016
2016-08-17,14106.1535
2016-08-18,14265.6593
2016-08-19,14319.5767
2016-08-22,14218.4815
2016-08-23,14256.673
2016-08-24,14191.5228
2016-08-25,14310.5905
2016-08-26,15472.0623
2016-08-29,15348.5014
2016-08-30,15095.378
2016-08-31,14955.5855
2016-09-01,14948.9287
2016-09-02,15090.9402
2016-09-06,15019.9344
2016-09-07,15221.8568
2016-09-08,15268.4541
2016-09-09,14831.3247
2016-09-12,14944.4906
2016-09-13,14596.1187
2016-09-14,14536.2083
2016-09-15,14953.3665
2016-09-16,14999.9638
2016-09-19,15117.5668
2016-09-20,15264.017
2016-09-21,15907.5069
2016-09-22,16053.9554
2016-09-23,15903.0681
2016-09-26,15772.1521
2016-09-27,15954.1042
2016-09-28,16120.524
2016-09-29,15885.3163
2016-09-30,16049.5183
2016-10-03,15794.341
2016-10-04,15847.5949
2016-10-05,16244.7835
2016-10-06,16160.4648
2016-10-07,15978.5126
2016-10-10,16022.8905
2016-10-11,15570.2287
2016-10-12,15605.7324
2016-10-13,15374.9635
2016-10-14,15412.6849
2016-10-17,15277.33
2016-10-18,15561.3527
2016-10-19,15705.5835
2016-10-20,15783.2457
2016-10-21,15794.341
2016-10-24,16025.1099
2016-10-25,15834.2818
2016-10-26,15678.9574
2016-10-27,15661.2056
2016-10-28,15945.2283
2016-10-31,16038.423
2016-11-01,15554.6962
2016-11-02,15239.6086
2016-11-03,15002.1832
2016-11-04,15408.2478
2016-11-07,15976.2932
2016-11-08,16129.3999
2016-11-09,16116.0851
2016-11-10,16306.9132
2016-11-11,16377.9189
2016-11-14,16320.228
2016-11-15,16675.2564
2016-11-16,17212.2369
2016-11-17,17409.7215
2016-11-18,17063.569
2016-11-21,16757.3557
2016-11-22,16688.5694
2016-11-23,16675.2564
2016-11-25,16826.1436
2016-11-28,16681.9129
2016-11-29,16699.6647
2016-11-30,16111.648
2016-12-01,15405.351
2016-12-02,15705.8017
2016-12-05,15841.5612
2016-12-06,16985.5007
2016-12-07,17880.1765
2016-12-08,18191.7557
2016-12-09,18051.5458
2016-12-12,17441.7419
2016-12-13,17731.0642
2016-12-14,17099.0049
2016-12-15,17564.1469
2016-12-16,17021.1105
2016-12-19,16847.5152
2016-12-20,16916.5088
2016-12-21,16831.9363
2016-12-22,16598.2531
2016-12-23,16914.2828
2016-12-27,16909.8324
2016-12-28,16696.1768
2016-12-29,16687.276
2016-12-30,16471.3961
2017-01-03,16954.343
2017-01-04,17252.5677
2017-01-05,17121.2602
2017-01-06,17648.7194
2017-01-09,17713.2592
2017-01-10,17800.0578
2017-01-11,17998.1328
2017-01-12,17949.1701
2017-01-13,18098.2825
2017-01-17,17497.381
2017-01-18,17739.9666
2017-01-19,17800.0578
2017-01-20,18176.1769
2017-01-23,18147.2451
2017-01-24,18249.6209
2017-01-25,18394.2828
2017-01-26,18169.5004
2017-01-27,18196.2078
2017-01-30,18062.6743
2017-01-31,18102.7329
2017-02-01,18089.38
2017-02-02,18418.7642
2017-02-03,18785.9825
2017-02-06,18432.117
2017-02-07,18806.0117
2017-02-08,18456.5983
2017-02-09,18668.0262
2017-02-10,18523.3659
2017-02-13,18757.0491
2017-02-14,18814.9142
2017-02-15,18774.854
2017-02-16,18948.4477
2017-02-17,19228.8692
2017-02-21,19395.7864
2017-02-22,19224.4171
2017-02-23,19384.6579
2017-02-24,19484.8093
2017-02-27,19527.0938
2017-02-28,19206.6139
2017-03-01,19791.9365
2017-03-02,19433.6206
2017-03-03,18988.5079
2017-03-06,18458.8244
2017-03-07,18265.1997
2017-03-08,18574.5529
2017-03-09,18748.1466
2017-03-10,19166.5536
2017-03-13,19293.4107
2017-03-14,19119.817
2017-03-15,19673.9819
2017-03-16,19302.3132
2017-03-17,19188.8089
2017-03-20,19211.0642
2017-03-21,18471.8326
2017-03-22,18683.8477
2017-03-23,18924.5743
2017-03-24,19099.0454
2017-03-27,18869.362
2017-03-28,18875.9872
2017-03-29,19081.3771
2017-03-30,19063.7087
2017-03-31,19096.8365
2017-04-03,18858.3189
2017-04-04,18761.1446
2017-04-05,18449.7481
2017-04-06,18566.7979
2017-04-07,18725.8096
2017-04-10,18917.9491
2017-04-11,18990.8281
2017-04-12,18909.1149
2017-04-13,18752.3122
2017-04-17,18990.8281
2017-04-18,19083.5861
2017-04-19,19419.2762
2017-04-20,19525.2846
2017-04-21,19562.8286
2017-04-24,19907.3529
2017-04-25,19947.1058
2017-04-26,19927.2302
2017-04-27,20015.5686
2017-04-28,19891.8935
2017-05-01,20313.7164
2017-05-02,20590.5325
2017-05-03,20585.0254
