Date,Q_std
2010-03-09,0.09508395837630744
2010-03-10,0.09447179698356369
2010-03-11,0.09200667147121848
2010-03-12,0.09214098850494576
2010-03-15,0.09241946510801388
2010-03-16,0.10360476280980568
2010-03-17,0.10161969649722603
2010-03-18,0.1052918826024917
2010-03-19,0.10645933988562534
2010-03-22,0.11388554697191007
2010-03-23,0.11124038749628867
2010-03-24,0.11237200327160607
2010-03-25,0.11619642091421599
2010-03-26,0.11573907710179673
2010-03-29,0.10824879409992726
2010-03-30,0.1109341254554426
2010-03-31,0.11340394755586097
2010-04-01,0.10689279905373346
2010-04-05,0.09683971520571541
2010-04-06,0.09535403934734178
2010-04-07,0.09869452085317904
2010-04-08,0.10136445605272885
2010-04-09,0.10082643654996931
2010-04-12,0.10299622869723433
2010-04-13,0.10382868843566798
2010-04-14,0.1127873599662035
2010-04-15,0.11077497965798944
2010-04-16,0.10854811212107614
2010-04-19,0.1119945981096146
2010-04-20,0.10937833712080089
2010-04-21,0.10433336146088973
2010-04-22,0.10497771437458965
2010-04-23,0.10208793861972261
2010-04-26,0.1030269672849418
2010-04-27,0.10523987511962977
2010-04-28,0.11283614362696316
2010-04-29,0.11257397702984728
2010-04-30,0.1081635272753716
2010-05-03,0.10575632423597603
2010-05-04,0.10420782857879929
2010-05-05,0.10692042682382247
2010-05-06,0.11066628458582672
2010-05-07,0.11389417376815522
2010-05-10,0.11329811673874199
2010-05-11,0.1132065786585451
2010-05-12,0.11114141447214693
2010-05-13,0.11273731817676352
2010-05-14,0.11435956782986913
2010-05-17,0.11613144701065936
2010-05-18,0.11998503511220263
2010-05-19,0.13245249474177434
2010-05-20,0.13951793039909288
2010-05-21,0.13688269086866933
2010-05-24,0.13924206941791728
2010-05-25,0.14292196876842206
2010-05-26,0.13914919520738944
2010-05-27,0.13441714717873432
2010-05-28,0.13528204298587324
2010-06-01,0.14223472856565234
2010-06-02,0.13729982758635995
2010-06-03,0.1384238449957274
2010-06-04,0.14410689630638826
2010-06-07,0.15415542436151528
2010-06-08,0.1531711092643674
2010-06-09,0.1554711570263943
2010-06-10,0.14918215600195195
2010-06-11,0.14614680961142146
2010-06-14,0.14658266578778595
2010-06-15,0.14336507282036656
2010-06-16,0.1429521360853461
2010-06-17,0.14017186754184519
2010-06-18,0.1396259459503706
2010-06-21,0.14014318422888192
2010-06-22,0.14583210672906824
2010-06-23,0.14429716148900099
2010-06-24,0.1431271731944734
2010-06-25,0.14158979497898685
2010-06-28,0.14039893096795347
2010-06-29,0.14378150780109566
2010-06-30,0.14138705286406203
2010-07-01,0.14162409544664656
2010-07-02,0.13611031057896164
2010-07-06,0.13394129894389067
2010-07-07,0.14191965989784752
2010-07-08,0.14042024590952254
2010-07-09,0.1387845889918219
2010-07-12,0.14043096260601629
2010-07-13,0.13510774686163388
2010-07-14,0.1352257060771682
2010-07-15,0.1258958595043687
2010-07-16,0.1291172917672131
2010-07-19,0.12558272547408655
2010-07-20,0.1282066651041289
2010-07-21,0.12928465885337823
2010-07-22,0.12316901600378066
2010-07-23,0.12457338266817157
2010-07-26,0.12113034610736809
2010-07-27,0.1192827053120933
2010-07-28,0.12040354986172554
2010-07-29,0.11766563254001249
2010-07-30,0.11900952962166395
2010-08-02,0.11861387895853219
2010-08-03,0.11975905065331298
2010-08-04,0.11853311771606401
2010-08-05,0.11969358747144292
2010-08-06,0.11869565483394803
2010-08-09,0.12206077596821466
2010-08-10,0.12020867540709021
2010-08-11,0.1270886637409142
2010-08-12,0.12670032322152647
2010-08-13,0.12529119387452803
2010-08-16,0.1261476472355525
2010-08-17,0.12094380011743804
2010-08-18,0.11847214780694394
2010-08-19,0.12100432312547403
2010-08-20,0.12535365417050034
2010-08-23,0.12582583000201036
2010-08-24,0.12599943557048573
2010-08-25,0.11485286073584625
2010-08-26,0.11543448785330264
2010-08-27,0.1114219383329175
2010-08-30,0.11142558982343681
2010-08-31,0.11325187952261097
2010-09-01,0.11171359113971757
2010-09-02,0.11250369002059073
2010-09-03,0.12214925719384198
2010-09-07,0.1268765571757451
2010-09-08,0.13629971089312082
2010-09-09,0.13648323398476933
2010-09-10,0.13460482010247735
2010-09-13,0.1372069883451161
2010-09-14,0.13795191399096685
2010-09-15,0.1390052674268861
2010-09-16,0.1451521723375123
2010-09-17,0.1401540464437199
2010-09-20,0.13574902928125934
2010-09-21,0.1364848860654073
2010-09-22,0.1335906023173948
2010-09-23,0.13127819919546077
2010-09-24,0.13095696634765308
2010-09-27,0.13080144986076317
2010-09-28,0.1308682675409076
2010-09-29,0.12922158808041165
2010-09-30,0.12946191420642367
2010-10-01,0.12874321019437363
2010-10-04,0.12656089855742791
2010-10-05,0.12817037430144895
2010-10-06,0.13193069528574078
2010-10-07,0.13196209247799676
2010-10-08,0.13104549833096002
2010-10-11,0.14744639025007458
2010-10-12,0.1480716900723724
2010-10-13,0.1493173821338666
2010-10-14,0.14631998903738522
2010-10-15,0.14415508253193743
2010-10-18,0.1402286639846606
2010-10-19,0.1409404092329817
2010-10-20,0.1400301294662586
2010-10-21,0.14200252428034493
2010-10-22,0.14401929832787685
2010-10-25,0.1448825656329314
2010-10-26,0.14378714024543102
2010-10-27,0.14660314594092258
2010-10-28,0.14557526292454404
2010-10-29,0.14628844848123365
2010-11-01,0.14821982811496498
2010-11-02,0.14616892260352385
2010-11-03,0.14557539212658088
2010-11-04,0.14189061669816141
2010-11-05,0.13855871031556832
2010-11-08,0.13810218208665456
2010-11-09,0.13678834222712816
2010-11-10,0.1385589208098265
2010-11-11,0.13942964879131758
2010-11-12,0.14185873564421014
2010-11-15,0.14704281608878808
2010-11-16,0.14839733044825243
2010-11-17,0.1468432375314102
2010-11-18,0.14659703752099956
2010-11-19,0.15021387452720925
2010-11-22,0.1485926676430362
2010-11-23,0.14786516266444008
2010-11-24,0.148979217869721
2010-11-26,0.1490506788673088
2010-11-29,0.15397969678194687
2010-11-30,0.15667986940582704
2010-12-01,0.15129637871045384
2010-12-02,0.15188858887636755
2010-12-03,0.15303890323279212
2010-12-06,0.1547895767546606
2010-12-07,0.155040593042144
2010-12-08,0.1561868482957017
2010-12-09,0.15430772785514188
2010-12-10,0.15104621182904251
2010-12-13,0.15067654862110558
2010-12-14,0.15320756365683433
2010-12-15,0.15509443732342837
2010-12-16,0.1529280748898292
2010-12-17,0.15736316048400503
2010-12-20,0.1558348130564911
2010-12-21,0.16899388057555464
2010-12-22,0.16849491206151337
2010-12-23,0.16818869155667268
2010-12-27,0.1687064549084645
2010-12-28,0.16735924036293578
2010-12-29,0.16744565185244284
2010-12-30,0.16810027760407725
2010-12-31,0.16754840899532042
2011-01-03,0.16979010850451487
2011-01-04,0.16895281500459036
2011-01-05,0.1685885293480031
2011-01-06,0.1741293521459528
2011-01-07,0.16885033624120493
2011-01-10,0.17234063088327956
2011-01-11,0.17301529857720674
2011-01-12,0.1682830926285127
2011-01-13,0.16943560891089676
2011-01-14,0.16791707207829845
2011-01-18,0.16663792383685394
2011-01-19,0.16414349957411178
2011-01-20,0.16432622755183235
2011-01-21,0.16537226657888773
2011-01-24,0.16344088654602204
2011-01-25,0.15924847817973894
2011-01-26,0.16087855949230212
2011-01-27,0.17866877285292693
2011-01-28,0.17918313011505188
2011-01-31,0.17925425299932427
2011-02-01,0.18191237874673585
2011-02-02,0.18611291513849526
2011-02-03,0.1829479532270968
2011-02-04,0.18408674112241907
2011-02-07,0.18157950593957173
2011-02-08,0.17927517401527082
2011-02-09,0.17928766691548456
2011-02-10,0.17736819202070073
2011-02-11,0.1753814747793399
2011-02-14,0.1766154658878971
2011-02-15,0.17733775653076173
2011-02-16,0.1726244290234851
2011-02-17,0.17140588134149204
2011-02-18,0.17266033109868467
2011-02-22,0.16756883931208788
2011-02-23,0.17077050793653312
2011-02-24,0.16885697275036196
2011-02-25,0.1689177657873043
2011-02-28,0.1680523523851123
2011-03-01,0.17066256463136245
2011-03-02,0.16568126692788315
2011-03-03,0.16486759970906525
2011-03-04,0.17888662250199805
2011-03-07,0.17654050885716496
2011-03-08,0.1793553301129553
2011-03-09,0.17553330228209563
2011-03-10,0.18109696108570755
2011-03-11,0.18480720043060606
2011-03-14,0.18813475038369887
2011-03-15,0.190007464821454
2011-03-16,0.19503080210733892
2011-03-17,0.20244943771322904
2011-03-18,0.19841846144538566
2011-03-21,0.19724400584771754
2011-03-22,0.19829871927226195
2011-03-23,0.19744405321322223
2011-03-24,0.1936107337866836
2011-03-25,0.1964413546258363
2011-03-28,0.19596648763368862
2011-03-29,0.19323029977580877
2011-03-30,0.19017053361178396
2011-03-31,0.1874855123003484
2011-04-01,0.1844065085777166
2011-04-04,0.18214661877518604
2011-04-05,0.1771803558572464
2011-04-06,0.18053287549302505
2011-04-07,0.18172020302547473
2011-04-08,0.18764172899306586
2011-04-11,0.18744392468003365
2011-04-12,0.1855597083550349
2011-04-13,0.18623316599595097
2011-04-14,0.18332256302908537
2011-04-15,0.18186139664475973
2011-04-18,0.18256267104370572
2011-04-19,0.18417555905858551
2011-04-20,0.18104721138274532
2011-04-21,0.18182174290891384
2011-04-25,0.17774724568256647
2011-04-26,0.17744909510211695
2011-04-27,0.1811639357963016
2011-04-28,0.1797961932200052
2011-04-29,0.17619507588169195
2011-05-02,0.17400850728071887
2011-05-03,0.18118007833391273
2011-05-04,0.1785231772732608
2011-05-05,0.18030522160289558
2011-05-06,0.18097500417673265
2011-05-09,0.17631843309303716
2011-05-10,0.1687752073018696
2011-05-11,0.16601926809345033
2011-05-12,0.16302901775791115
2011-05-13,0.16389637708934465
2011-05-16,0.1622776616830829
2011-05-17,0.1575167643446031
2011-05-18,0.15728749482269855
2011-05-19,0.15627101599026122
2011-05-20,0.15867995735120627
2011-05-23,0.1629961753150986
2011-05-24,0.164811557491779
2011-05-25,0.16349536250803767
2011-05-26,0.16383697675087888
2011-05-27,0.16156876358286956
2011-05-31,0.16626182968478243
2011-06-01,0.1657200296302894
2011-06-02,0.16560324540951307
2011-06-03,0.166584646413507
2011-06-06,0.1689667513758272
2011-06-07,0.16827139757026732
2011-06-08,0.17125480963708106
2011-06-09,0.16971844438226155
2011-06-10,0.17045116353287681
2011-06-13,0.16844712029942785
2011-06-14,0.16585676362558904
2011-06-15,0.16623818613852356
2011-06-16,0.17090318940276158
2011-06-17,0.16935455728398888
2011-06-20,0.16973299276614062
2011-06-21,0.1864009983134244
2011-06-22,0.18621415143621237
2011-06-23,0.1886190815488516
2011-06-24,0.18090416497028963
2011-06-27,0.1783840736132337
2011-06-28,0.17848375386887122
2011-06-29,0.17709047211724901
2011-06-30,0.17559728857240448
2011-07-01,0.17311586774203738
2011-07-05,0.172392516054834
2011-07-06,0.1739264546968413
2011-07-07,0.17351780878321582
2011-07-08,0.17383904096889213
2011-07-11,0.17635178529054404
2011-07-12,0.1771714778078447
2011-07-13,0.175515173699444
2011-07-14,0.1740233935968834
2011-07-15,0.1761636019146239
2011-07-18,0.1777067726872466
2011-07-19,0.17978615557804656
2011-07-20,0.1759298101392901
2011-07-21,0.17455610179313807
2011-07-22,0.17692193662152017
2011-07-25,0.1831813672422659
2011-07-26,0.18563593816303617
2011-07-27,0.21126200166903136
2011-07-28,0.21125818693213275
2011-07-29,0.21388434227767922
2011-08-01,0.21225463914458478
2011-08-02,0.20706232983937423
2011-08-03,0.20628226288731635
2011-08-04,0.2100572774988971
2011-08-05,0.21190144327791302
2011-08-08,0.22177856116369446
2011-08-09,0.20877350672778835
2011-08-10,0.20966742223376988
2011-08-11,0.20497554189062442
2011-08-12,0.2063231314304925
2011-08-15,0.19523114969617078
2011-08-16,0.19261332700376937
2011-08-17,0.18823362304737717
2011-08-18,0.18966938388179524
2011-08-19,0.18461721305855283
2011-08-22,0.18709441631016477
2011-08-23,0.18782021391038375
2011-08-24,0.18294928721641546
2011-08-25,0.18735442642879527
2011-08-26,0.1871345252512061
2011-08-29,0.18268795477507813
2011-08-30,0.17990797690071553
2011-08-31,0.1885698233542593
2011-09-01,0.1917284663983564
2011-09-02,0.19324634683534564
2011-09-06,0.19163450946435043
2011-09-07,0.19006236332257564
2011-09-08,0.18874375065398924
2011-09-09,0.19121436273445566
2011-09-12,0.19406138896822464
2011-09-13,0.19161371685984982
2011-09-14,0.1819042167763479
2011-09-15,0.1821402802520915
2011-09-16,0.18020539253833626
2011-09-19,0.17668581445366338
2011-09-20,0.17089852549966575
2011-09-21,0.1813222080138092
2011-09-22,0.18953449782709958
2011-09-23,0.18904559578336738
2011-09-26,0.18868234314799137
2011-09-27,0.18282454714040702
2011-09-28,0.18360371951781962
2011-09-29,0.18249182234684688
2011-09-30,0.1804610192200055
2011-10-03,0.18500629955493444
2011-10-04,0.18552572294671946
2011-10-05,0.17939330908285187
2011-10-06,0.18669024825083322
2011-10-07,0.1895839103451506
2011-10-10,0.17892196991680928
2011-10-11,0.18825524996288096
2011-10-12,0.18683994300923876
2011-10-13,0.18219810155436394
2011-10-14,0.18000092118957697
2011-10-17,0.17407544903248628
2011-10-18,0.17437813518013218
2011-10-19,0.1756107622400067
2011-10-20,0.17105990093288403
2011-10-21,0.1678361999454457
2011-10-24,0.1673503932125358
2011-10-25,0.16943706310285475
2011-10-26,0.16987855143617756
2011-10-27,0.17516254538115075
2011-10-28,0.17627559849379404
2011-10-31,0.189555392536121
2011-11-01,0.19826344931686818
2011-11-02,0.19459249488907449
2011-11-03,0.1933702743047279
2011-11-04,0.19354879461457497
2011-11-07,0.1968517880595332
2011-11-08,0.1960254435889595
2011-11-09,0.19823045616609705
2011-11-10,0.20616993378126156
2011-11-11,0.2006736522367201
2011-11-14,0.20550889076811577
2011-11-15,0.21152216361352894
2011-11-16,0.21283420181641716
2011-11-17,0.20871740419040397
2011-11-18,0.20886827140111133
2011-11-21,0.21136954378674483
2011-11-22,0.2114925500458195
2011-11-23,0.21330106034245286
2011-11-25,0.2111691123585585
2011-11-28,0.21066866539192441
2011-11-29,0.20342731343583606
2011-11-30,0.1965020455658736
2011-12-01,0.20085328383264733
2011-12-02,0.20069338074106008
2011-12-05,0.20005917839897044
2011-12-06,0.20236811558436357
2011-12-07,0.20574630784920486
2011-12-08,0.21252261844076237
2011-12-09,0.21827082714637389
2011-12-12,0.219876133850736
2011-12-13,0.21284099402301906
2011-12-14,0.21552858099787525
2011-12-15,0.20219800553308334
2011-12-16,0.21208943446926565
2011-12-19,0.2158774464513275
2011-12-20,0.2107027285979121
2011-12-21,0.2046838102874234
2011-12-22,0.21217105681888565
2011-12-23,0.21037074505705136
2011-12-27,0.20752210388635892
2011-12-28,0.2051338450661227
2011-12-29,0.20410537706972445
2011-12-30,0.20623769113007454
2012-01-03,0.20939871088471132
2012-01-04,0.21125228802642132
2012-01-05,0.21618428145647386
2012-01-06,0.21707140786241008
2012-01-09,0.2175353617541963
2012-01-10,0.22041456333305112
2012-01-11,0.22351552112474665
2012-01-12,0.22301968228103386
2012-01-13,0.21808488411731583
2012-01-17,0.2141538513660417
2012-01-18,0.22200580039741735
2012-01-19,0.22710565325321372
2012-01-20,0.22638838418946022
2012-01-23,0.22104819347072494
2012-01-24,0.21286563511057638
2012-01-25,0.22031977769559008
2012-01-26,0.21645200551748714
2012-01-27,0.22400103949522332
2012-01-30,0.22516519536833698
2012-01-31,0.22848987969808526
2012-02-01,0.22680179839872044
2012-02-02,0.23153709802700043
2012-02-03,0.2309016763227592
2012-02-06,0.22876001689697426
2012-02-07,0.2265918255106721
2012-02-08,0.22349533519651876
2012-02-09,0.2268140649744418
2012-02-10,0.22589430510046737
2012-02-13,0.23219572146925144
2012-02-14,0.23555783356840426
2012-02-15,0.24191408455506744
2012-02-16,0.2398110300641207
2012-02-17,0.2330040569579302
2012-02-21,0.24088427887384564
2012-02-22,0.24234886038974884
2012-02-23,0.24884616393885062
2012-02-24,0.2466282737346228
2012-02-27,0.24731951277386324
2012-02-28,0.24685429778103912
2012-02-29,0.24506445806450783
2012-03-01,0.25301800157750376
2012-03-02,0.2547000996392323
2012-03-05,0.25303176886084666
2012-03-06,0.2511785628653063
2012-03-07,0.25205234549291466
2012-03-08,0.25043260768243314
2012-03-09,0.2464667383153391
2012-03-12,0.2398696905036244
2012-03-13,0.23526098190067574
2012-03-14,0.23428190895341702
2012-03-15,0.25946830442104885
2012-03-16,0.26176860796136453
2012-03-19,0.26066275295688845
2012-03-20,0.2654311204314697
2012-03-21,0.2716958203172698
2012-03-22,0.26463398628388135
2012-03-23,0.261957550774846
2012-03-26,0.2557627317647475
2012-03-27,0.26070002195318936
2012-03-28,0.2594710873000899
2012-03-29,0.25665578150486956
2012-03-30,0.24843826065038607
2012-04-02,0.24880978835190223
2012-04-03,0.25058144176829816
2012-04-04,0.2621110391977464
2012-04-05,0.25096765264260534
2012-04-09,0.2517300723712211
2012-04-10,0.2560049919965167
2012-04-11,0.255293169684009
2012-04-12,0.2534273261036615
2012-04-13,0.24914906290188513
2012-04-16,0.24868677856878776
2012-04-17,0.24731835862937193
2012-04-18,0.25354101830713016
2012-04-19,0.24997434206494223
2012-04-20,0.24895605592412942
2012-04-23,0.24532617489815442
2012-04-24,0.2390883317606755
2012-04-25,0.23695649495985852
2012-04-26,0.2392209346613592
2012-04-27,0.24133225658341426
2012-04-30,0.240852625962218
2012-05-01,0.23566342178752922
2012-05-02,0.23796436227916304
2012-05-03,0.2402478971744716
2012-05-04,0.23432211019374427
2012-05-07,0.23629026626677763
2012-05-08,0.23674542496958503
2012-05-09,0.2366118305565533
2012-05-10,0.2375684518025304
2012-05-11,0.22558404634032986
2012-05-14,0.22761139268849365
2012-05-15,0.22703933730970552
2012-05-16,0.22744376217000406
2012-05-17,0.22869743392097325
2012-05-18,0.23074697111485903
2012-05-21,0.2315294456998037
2012-05-22,0.23386767529485725
2012-05-23,0.23286446487364656
2012-05-24,0.23076920792575903
2012-05-25,0.2288265285573198
2012-05-29,0.2271145917911398
2012-05-30,0.22522024224221623
2012-05-31,0.2194952320097872
2012-06-01,0.2173536185255913
2012-06-04,0.21725706313706009
2012-06-05,0.21736186562615736
2012-06-06,0.2174467821037582
2012-06-07,0.21786824144059116
2012-06-08,0.21880099368211367
2012-06-11,0.2163093746838725
2012-06-12,0.213674351863474
2012-06-13,0.21697414482776112
2012-06-14,0.22434859457328668
2012-06-15,0.2223045018384951
2012-06-18,0.21757396711536206
2012-06-19,0.22165461725346003
2012-06-20,0.21860888681404664
2012-06-21,0.22774600107064247
2012-06-22,0.22595427432822757
2012-06-25,0.2275794312726086
2012-06-26,0.23175007020716096
2012-06-27,0.23246491713393916
2012-06-28,0.23177189371336115
2012-06-29,0.23064232907634152
2012-07-02,0.22765422223255347
2012-07-03,0.2286546536326637
2012-07-05,0.23042641181387133
2012-07-06,0.23090431147360416
2012-07-09,0.23828754347551936
2012-07-10,0.2360717256685406
2012-07-11,0.2357434894815125
2012-07-12,0.23360209262521922
2012-07-13,0.23317281025240683
2012-07-16,0.2305062656083243
2012-07-17,0.23234145880735732
2012-07-18,0.23275964145067343
2012-07-19,0.2306428608211305
2012-07-20,0.22717766276155948
2012-07-23,0.23158894963822327
2012-07-24,0.2294191313927441
2012-07-25,0.22507340963358508
2012-07-26,0.22470181458312888
2012-07-27,0.224906659679917
2012-07-30,0.22078108110766467
2012-07-31,0.2206878984038292
2012-08-01,0.2205412472349757
2012-08-02,0.2238128103841576
2012-08-03,0.22475785260889558
2012-08-06,0.2185599631927004
2012-08-07,0.2289679464661501
2012-08-08,0.22409548659358455
2012-08-09,0.22631460673107937
2012-08-10,0.22909577493720998
2012-08-13,0.22823409968877126
2012-08-14,0.22735632787986645
2012-08-15,0.23155358077060798
2012-08-16,0.23272246328778384
2012-08-17,0.23442864752726963
2012-08-20,0.2406130404867707
2012-08-21,0.24236627317973544
2012-08-22,0.24333568775624692
2012-08-23,0.2421349046360664
2012-08-24,0.24166932665865623
2012-08-27,0.24017294925196453
2012-08-28,0.24448738976764312
2012-08-29,0.2458080502121646
2012-08-30,0.2462210349328164
2012-08-31,0.24479647288843087
2012-09-04,0.23673604439713516
2012-09-05,0.23481005420760684
2012-09-06,0.2358582335985403
2012-09-07,0.2351701625727215
2012-09-10,0.23675580629842125
2012-09-11,0.23909391268649838
2012-09-12,0.23985021942677232
2012-09-13,0.240449136269694
2012-09-14,0.23989832307393655
2012-09-17,0.23986970328492718
2012-09-18,0.23525323779408583
2012-09-19,0.2356929030424284
2012-09-20,0.23508211691549116
2012-09-21,0.23665201062766728
2012-09-24,0.2341827883152443
2012-09-25,0.23477955370314577
2012-09-26,0.23249999409696598
2012-09-27,0.23999331044253844
2012-09-28,0.23974593688239323
2012-10-01,0.2337548189879029
2012-10-02,0.23299757222111428
2012-10-03,0.25361964470779574
2012-10-04,0.25282737847746006
2012-10-05,0.2545132624792071
2012-10-08,0.2530147950306281
2012-10-09,0.2516094106330344
2012-10-10,0.2522851168024941
2012-10-11,0.254733535795861
2012-10-12,0.25424313579975955
2012-10-15,0.2567295153284116
2012-10-16,0.25892598456212174
2012-10-17,0.25484778046790973
2012-10-18,0.2509079407007669
2012-10-19,0.25029107565415926
2012-10-22,0.25836917506366436
2012-10-23,0.2534980225300509
2012-10-24,0.24326583716854283
2012-10-25,0.23584254415448846
2012-10-26,0.23452410583640546
2012-10-31,0.2382162707088483
2012-11-01,0.239331739094917
2012-11-02,0.24695598621490686
2012-11-05,0.2501824628433889
2012-11-06,0.2454697884100242
2012-11-07,0.24699250899865804
2012-11-08,0.24794975100709082
2012-11-09,0.26271804938845195
2012-11-12,0.2699293505489925
2012-11-13,0.27190589258345255
2012-11-14,0.2803774786695956
2012-11-15,0.2818576011293428
2012-11-16,0.2754058253683934
2012-11-19,0.28357776364012455
2012-11-20,0.28388760991095435
2012-11-21,0.2823437379394999
2012-11-23,0.2821714937387198
2012-11-26,0.28558870617217974
2012-11-27,0.29125519547542456
2012-11-28,0.2887484738449381
2012-11-29,0.28780346024283876
2012-11-30,0.2888164274394745
2012-12-03,0.2870527729534956
2012-12-04,0.2887410000881247
2012-12-05,0.28915373502923164
2012-12-06,0.29402050364828347
2012-12-07,0.2988079721870518
2012-12-10,0.29446195423385163
2012-12-11,0.29858917042201716
2012-12-12,0.3044571777667751
2012-12-13,0.309031505540272
2012-12-14,0.30721212504494394
2012-12-17,0.3222495751050868
2012-12-18,0.31773805718965753
2012-12-19,0.3133500268357033
2012-12-20,0.30862478859929965
2012-12-21,0.30522235287195854
2012-12-24,0.3002441722627521
2012-12-26,0.30369886614575603
2012-12-27,0.3048456531718415
2012-12-28,0.3028387315586427
2012-12-31,0.3028309131445282
2013-01-02,0.29246901394026065
2013-01-03,0.28846570411833466
2013-01-04,0.2895484701508499
2013-01-07,0.28868549254942855
2013-01-08,0.29329885345935314
2013-01-09,0.2941297735543795
2013-01-10,0.2946449851473896
2013-01-11,0.294767881842083
2013-01-14,0.2928137865416537
2013-01-15,0.2941833042797637
2013-01-16,0.29523991271543065
2013-01-17,0.292735285042158
2013-01-18,0.2899568086131632
2013-01-22,0.2867217344367909
2013-01-23,0.29344031579976093
2013-01-24,0.28112558547609967
2013-01-25,0.2733812995641233
2013-01-28,0.26567894453660185
2013-01-29,0.25572500511863405
2013-01-30,0.25611592887585105
2013-01-31,0.25632625649708013
2013-02-01,0.2597033452857938
2013-02-04,0.2592184861646772
2013-02-05,0.2653845047688351
2013-02-06,0.263404667521761
2013-02-07,0.26331606409176217
2013-02-08,0.26483399616848496
2013-02-11,0.26256002107774995
2013-02-12,0.25988992774383934
2013-02-13,0.25730638595600114
2013-02-14,0.26865238489087645
2013-02-15,0.27606090475991746
2013-02-19,0.27926760541998813
2013-02-20,0.28304197576896356
2013-02-21,0.28150228258416843
2013-02-22,0.28107862366505165
2013-02-25,0.28605105698806144
2013-02-26,0.28232587001249637
2013-02-27,0.2745101506146701
2013-02-28,0.2606582219162087
2013-03-01,0.25294759804684497
2013-03-04,0.24745980055108302
2013-03-05,0.2469734097189905
2013-03-06,0.2492247935913563
2013-03-07,0.25315254773946666
2013-03-08,0.25306968164578814
2013-03-11,0.2522502007987754
2013-03-12,0.25426680730015055
2013-03-13,0.24966647780818854
2013-03-14,0.25114100930669914
2013-03-15,0.2455825152882081
2013-03-18,0.24628055973106755
2013-03-19,0.2435135420330913
2013-03-20,0.24201094963069522
2013-03-21,0.24091339676200155
2013-03-22,0.24414282055282205
2013-03-25,0.23931787342266767
2013-03-26,0.2381134413152356
2013-03-27,0.23667311579616623
2013-03-28,0.23344226667820187
2013-04-01,0.22744543406239848
2013-04-02,0.22895749025980178
2013-04-03,0.22662060206390286
2013-04-04,0.21639504873067555
2013-04-05,0.20927847632961996
2013-04-08,0.19390425213760426
2013-04-09,0.1936177915679197
2013-04-10,0.19505080295346403
2013-04-11,0.1970211120441784
2013-04-12,0.19828784705753877
2013-04-15,0.20085664119560379
2013-04-16,0.19595117859343142
2013-04-17,0.19094058040914094
2013-04-18,0.18627249657465958
2013-04-19,0.18762566059210714
2013-04-22,0.18862199432479385
2013-04-23,0.18983914131533738
2013-04-24,0.1898747416536211
2013-04-25,0.19488000922828932
2013-04-26,0.19658252193101286
2013-04-29,0.18436737863270164
2013-04-30,0.1852884942862797
2013-05-01,0.1861924286502026
2013-05-02,0.18816876044310255
2013-05-03,0.1930067704118328
2013-05-06,0.1993007320547261
2013-05-07,0.2001694526414864
2013-05-08,0.2000499335874173
2013-05-09,0.20385368472956783
2013-05-10,0.20568024586765626
2013-05-13,0.18975738484137644
2013-05-14,0.18924672479817192
2013-05-15,0.1824103731927919
2013-05-16,0.18023817067945888
2013-05-17,0.17910087631257765
2013-05-20,0.1813665488181479
2013-05-21,0.1804757974206997
2013-05-22,0.18521726673789207
2013-05-23,0.18755900706193174
2013-05-24,0.182458242172305
2013-05-28,0.19268735119744662
2013-05-29,0.19245079478650504
2013-05-30,0.19063114666950362
2013-05-31,0.18567330131902104
2013-06-03,0.1836153017709252
2013-06-04,0.1858827979159459
2013-06-05,0.17367391887680186
2013-06-06,0.1782431835397222
2013-06-07,0.19352423221931125
2013-06-10,0.18619844485286613
2013-06-11,0.18964979126594705
2013-06-12,0.18985828416895784
2013-06-13,0.18561381314592632
2013-06-14,0.18495723413940807
2013-06-17,0.1848035333827448
2013-06-18,0.18336033673330882
2013-06-19,0.18418923336351414
2013-06-20,0.18793663104645725
2013-06-21,0.18375913610339953
2013-06-24,0.1894365061077974
2013-06-25,0.185999112435151
2013-06-26,0.18809370430765845
2013-06-27,0.19007768674791264
2013-06-28,0.19210328281348735
2013-07-01,0.1982140237775447
2013-07-02,0.19675237740521306
2013-07-03,0.20060773825100373
2013-07-05,0.20295133222773126
2013-07-08,0.197345436610139
2013-07-09,0.19745130344683678
2013-07-10,0.19874813899978802
2013-07-11,0.20029213604388693
2013-07-12,0.19905921092538184
2013-07-15,0.2003331507091826
2013-07-16,0.2013723237845246
2013-07-17,0.1974228927477176
2013-07-18,0.193638010869351
2013-07-19,0.19561262809783667
2013-07-22,0.19061600254985214
2013-07-23,0.18637024378263467
2013-07-24,0.18019097030460793
2013-07-25,0.17369717810230578
2013-07-26,0.17430818063524264
2013-07-29,0.1754598298323219
2013-07-30,0.1745085150143795
2013-07-31,0.18326587956854556
2013-08-01,0.18259312521292703
2013-08-02,0.1829913375248211
2013-08-05,0.18938489574848555
2013-08-06,0.18619923793335336
2013-08-07,0.1744975538172152
2013-08-08,0.17221469849503168
2013-08-09,0.16978266399265002
2013-08-12,0.17287559578040965
2013-08-13,0.1689776078425723
2013-08-14,0.16764698114243654
2013-08-15,0.16747403131326258
2013-08-16,0.17245512369448898
2013-08-19,0.17781079865774124
2013-08-20,0.17998840672610356
2013-08-21,0.1807263734552424
2013-08-22,0.18030150808492817
2013-08-23,0.1783822633887288
2013-08-26,0.18237049189155205
2013-08-27,0.18084424632088317
2013-08-28,0.16885701220731278
2013-08-29,0.17085414338738772
2013-08-30,0.16829782525307677
2013-09-03,0.16141918950701906
2013-09-04,0.15955959435930583
2013-09-05,0.1596517980212947
2013-09-06,0.16774815480831337
2013-09-09,0.1716724245969038
2013-09-10,0.16901466946750646
2013-09-11,0.17788365366922396
2013-09-12,0.18389656038657565
2013-09-13,0.1799465767684388
2013-09-16,0.17757419181992776
2013-09-17,0.17641732676492108
2013-09-18,0.17279567110874391
2013-09-19,0.17576612373180522
2013-09-20,0.17912447257393307
2013-09-23,0.1722122563762783
2013-09-24,0.17140379282706777
2013-09-25,0.17374546378192712
2013-09-26,0.1776182944786644
2013-09-27,0.17765653433670608
2013-09-30,0.17981447805776132
2013-10-01,0.17107772938589555
2013-10-02,0.17204736569977067
2013-10-03,0.1664885574538019
2013-10-04,0.1674826616069821
2013-10-07,0.16653917758138495
2013-10-08,0.1642192117859347
2013-10-09,0.15891967956544656
2013-10-10,0.15900612614629045
2013-10-11,0.1613910820138619
2013-10-14,0.1645186935940095
2013-10-15,0.17030357314393738
2013-10-16,0.16176563259999313
2013-10-17,0.16058196965070903
2013-10-18,0.16829801892016397
2013-10-21,0.17017047437586896
2013-10-22,0.1639355765244422
2013-10-23,0.16247550519285026
2013-10-24,0.16591377536462046
2013-10-25,0.17130244915277817
2013-10-28,0.16703485101696722
2013-10-29,0.16702886958240773
2013-10-30,0.1660140809346271
2013-10-31,0.17119793367698305
2013-11-01,0.17034506504822206
2013-11-04,0.16960507167203456
2013-11-05,0.17406926501537875
2013-11-06,0.16598421351885362
2013-11-07,0.1509224466348265
2013-11-08,0.158816967867214
2013-11-11,0.16691544361694605
2013-11-12,0.1718565551464904
2013-11-13,0.16848885742478056
2013-11-14,0.16198124159161692
2013-11-15,0.1646232767917466
2013-11-18,0.16306503536108344
2013-11-19,0.16147921181549707
2013-11-20,0.16631619848493295
2013-11-21,0.17089081503148104
2013-11-22,0.16593055862035513
2013-11-25,0.1686064238507857
2013-11-26,0.16805149557333782
2013-11-27,0.171093668754293
2013-11-29,0.16952821221580155
2013-12-02,0.16699608268632848
2013-12-03,0.16325268700609266
2013-12-04,0.1656660935866208
2013-12-05,0.1646248347674922
2013-12-06,0.17046325181922464
2013-12-09,0.16779166813278173
2013-12-10,0.16806518555972438
2013-12-11,0.16403813449743576
2013-12-12,0.1569293923987989
2013-12-13,0.14749533504342696
2013-12-16,0.15022335339535978
2013-12-17,0.1508554010752413
2013-12-18,0.15095813148992254
2013-12-19,0.15548744630455022
2013-12-20,0.14226136820976018
2013-12-23,0.14305703170765544
2013-12-24,0.14533807427604922
2013-12-26,0.15025876416474734
2013-12-27,0.1440174966055127
2013-12-30,0.1460178433055659
2013-12-31,0.14638990149569625
2014-01-02,0.15312367464236712
2014-01-03,0.15588412418748096
2014-01-06,0.15696986582310177
2014-01-07,0.15747305504377945
2014-01-08,0.15601215503037372
2014-01-09,0.15570764085224403
2014-01-10,0.1528280846054333
2014-01-13,0.13822268461330545
2014-01-14,0.14240248546550052
2014-01-15,0.14404379976760368
2014-01-16,0.13444331412162008
2014-01-17,0.13463795627153546
2014-01-21,0.1372883820189741
2014-01-22,0.1397630516101565
2014-01-23,0.13268597347302477
2014-01-24,0.12950863184956407
2014-01-27,0.12858195268209344
2014-01-28,0.13323521808301186
2014-01-29,0.13140485853407596
2014-01-30,0.13069120774665294
2014-01-31,0.13420973084680513
2014-02-03,0.13701799966455638
2014-02-04,0.1382961675647726
2014-02-05,0.13742279541845512
2014-02-06,0.1401563328146214
2014-02-07,0.1386253947108821
2014-02-10,0.132344992850795
2014-02-11,0.13409542284487816
2014-02-12,0.13336954357761727
2014-02-13,0.1315504762620417
2014-02-14,0.13090447245683723
2014-02-18,0.13486029684700593
2014-02-19,0.13080189164355088
2014-02-20,0.1330596957904993
2014-02-21,0.13896081426418652
2014-02-24,0.1394287860171061
2014-02-25,0.14198294369495665
2014-02-26,0.13979842602038756
2014-02-27,0.14908937828875524
2014-02-28,0.14757770126023814
2014-03-03,0.15321287054362845
2014-03-04,0.15392115979496146
2014-03-05,0.14994127722661874
2014-03-06,0.15010348442324223
2014-03-07,0.15137487139944883
2014-03-10,0.15045267136208362
2014-03-11,0.15181812681046217
2014-03-12,0.15212759427652472
2014-03-13,0.14866215863709747
2014-03-14,0.14386139900228556
2014-03-17,0.14428656641109952
2014-03-18,0.14727412146707303
2014-03-19,0.15718501806180055
2014-03-20,0.15717933299825984
2014-03-21,0.1577095688908445
2014-03-24,0.14654511149847038
2014-03-25,0.14773379895882335
2014-03-26,0.14552227870864917
2014-03-27,0.1422809683896042
2014-03-28,0.15159051197951087
2014-03-31,0.14689983348182295
2014-04-01,0.14889967517787922
2014-04-02,0.14352017897398126
2014-04-03,0.1335392751997705
2014-04-04,0.13044324877573144
2014-04-07,0.13286488407849248
2014-04-08,0.13011916186598632
2014-04-09,0.13265075541650137
2014-04-10,0.13376422621101708
2014-04-11,0.13734844032163993
2014-04-14,0.1339105252257847
2014-04-15,0.12582556224967578
2014-04-16,0.12308993929329473
2014-04-17,0.12626575620525216
2014-04-21,0.135365092590397
2014-04-22,0.13456003044332476
2014-04-23,0.13985156437509044
2014-04-24,0.13514277041916786
2014-04-25,0.1284645471816432
2014-04-28,0.12996570381928235
2014-04-29,0.13081486776877274
2014-04-30,0.14975112831684556
2014-05-01,0.13621709061934417
2014-05-02,0.14117222895418766
2014-05-05,0.13387504184810423
2014-05-06,0.13934891522807902
2014-05-07,0.13212642878452105
2014-05-08,0.13078535771200608
2014-05-09,0.13279438031313154
2014-05-12,0.12962791109075167
2014-05-13,0.1323731325698799
2014-05-14,0.1317787839301093
2014-05-15,0.13107381153923545
2014-05-16,0.1280985982484669
2014-05-19,0.12907288645021753
2014-05-20,0.1323158707683443
2014-05-21,0.1304256574482725
2014-05-22,0.13010176056323147
2014-05-23,0.13017868325698848
2014-05-27,0.12046857198802734
2014-05-28,0.11965186508610084
2014-05-29,0.1206325784382296
2014-05-30,0.12150550989466236
2014-06-02,0.11129870763031172
2014-06-03,0.11299830776010931
2014-06-04,0.11086769852288572
2014-06-05,0.1122367755916107
2014-06-06,0.10662224217605279
2014-06-09,0.10848126273444267
2014-06-10,0.1067317808230828
2014-06-11,0.10882441192824358
2014-06-12,0.10026217232869324
2014-06-13,0.10372244461556328
2014-06-16,0.10741918108334401
2014-06-17,0.10753928780167614
2014-06-18,0.10279708935296598
2014-06-19,0.10283859294577757
2014-06-20,0.10166280246386585
2014-06-23,0.09953242966107732
2014-06-24,0.10162095757931196
2014-06-25,0.0973762394525823
2014-06-26,0.10249036537263784
2014-06-27,0.10424360450893756
2014-06-30,0.1027245512962874
2014-07-01,0.10427271430094652
2014-07-02,0.1152380567188862
2014-07-03,0.11719843608312297
2014-07-07,0.11727790234498794
2014-07-08,0.11809292197257704
2014-07-09,0.11174158845454871
2014-07-10,0.1127349123814432
2014-07-11,0.11628576504079617
2014-07-14,0.1353343715010365
2014-07-15,0.1375378307570696
2014-07-16,0.1373706535436229
2014-07-17,0.1368678973699405
2014-07-18,0.13478523306505127
2014-07-21,0.13194871664731106
2014-07-22,0.1421566537804346
2014-07-23,0.13090216688707274
2014-07-24,0.12407977176205194
2014-07-25,0.12388221105121058
2014-07-28,0.1168504383537664
2014-07-29,0.11876072122045692
2014-07-30,0.11306591899721552
2014-07-31,0.10945500939855769
2014-08-01,0.11530167545461346
2014-08-04,0.11356857991810207
2014-08-05,0.11270253767837347
2014-08-06,0.11396203746039126
2014-08-07,0.11738509678897975
2014-08-08,0.12055126690528462
2014-08-11,0.11535636313318734
2014-08-12,0.11256943812665171
2014-08-13,0.11125790903132989
2014-08-14,0.10868093277419258
2014-08-15,0.10889799821316218
2014-08-18,0.1105937628924056
2014-08-19,0.10718378891456275
2014-08-20,0.10831936280154968
2014-08-21,0.10530210317896564
2014-08-22,0.10934168596597055
2014-08-25,0.10797889702878562
2014-08-26,0.11231185815239898
2014-08-27,0.10763500289306176
2014-08-28,0.10320700191037167
2014-08-29,0.10448169091710252
2014-09-02,0.10131781223254313
2014-09-03,0.10196602085813078
2014-09-04,0.10451010556289612
2014-09-05,0.10562732272013278
2014-09-08,0.10409683061344334
2014-09-09,0.10093928265342192
2014-09-10,0.10513349264392324
2014-09-11,0.10641506058722666
2014-09-12,0.1101893109304278
2014-09-15,0.11748675598532005
2014-09-16,0.11294033718066185
2014-09-17,0.1139714615409991
2014-09-18,0.1142342612763827
2014-09-19,0.11521154892817335
2014-09-22,0.1147107156713264
2014-09-23,0.10818389133063452
2014-09-24,0.11234587594024999
2014-09-25,0.10979843113806997
2014-09-26,0.11133452985853302
2014-09-29,0.10584017092719122
2014-09-30,0.11666903543497455
2014-10-01,0.13139284385959982
2014-10-02,0.13295674855236503
2014-10-03,0.12789371179457612
2014-10-06,0.1266561799325321
2014-10-07,0.1291259675115955
2014-10-08,0.13288107623857323
2014-10-09,0.14107529475110905
2014-10-10,0.15247660321813192
2014-10-13,0.18050380470381558
2014-10-14,0.21571388587151027
2014-10-15,0.23730223726312583
2014-10-16,0.20598215940152445
2014-10-17,0.19427989245659297
2014-10-20,0.19031526379908742
2014-10-21,0.18438114426920654
2014-10-22,0.1856553092852383
2014-10-23,0.17840612599072336
2014-10-24,0.17299117017830884
2014-10-27,0.1819671373271531
2014-10-28,0.17548116683776338
2014-10-29,0.16889651412366455
2014-10-30,0.16570895484195577
2014-10-31,0.16020135120638737
2014-11-03,0.14986894499822526
2014-11-04,0.15837447581263206
2014-11-05,0.15196782368489378
2014-11-06,0.15335358419124792
2014-11-07,0.14429630218470385
2014-11-10,0.13251309656993845
2014-11-11,0.1281176064434522
2014-11-12,0.1292234506595783
2014-11-13,0.13189496239018328
2014-11-14,0.139594738826319
2014-11-17,0.14497360887982236
2014-11-18,0.14747442224113272
2014-11-19,0.15366845987443248
2014-11-20,0.1497870102456337
2014-11-21,0.15129059108829232
2014-11-24,0.14861043856972922
2014-11-25,0.14574369765292702
2014-11-26,0.14749375116663935
2014-11-28,0.15784698192180227
2014-12-01,0.17708501488585354
2014-12-02,0.16352291737648256
2014-12-03,0.16794977206295872
2014-12-04,0.1787106333403581
2014-12-05,0.19054743866009483
2014-12-08,0.21229760312861304
2014-12-09,0.20317426870099342
2014-12-10,0.21656392535637917
2014-12-11,0.23477047981698532
2014-12-12,0.24400247102659114
2014-12-15,0.24317464935894675
2014-12-16,0.24915783025140914
2014-12-17,0.23039138588047534
2014-12-18,0.21359788147030953
2014-12-19,0.2210072830764392
2014-12-22,0.21915162289887272
2014-12-23,0.2104297113257744
2014-12-24,0.20792872766275608
2014-12-26,0.20604801493691272
2014-12-29,0.1954289489374044
2014-12-30,0.1928633350605703
2014-12-31,0.19906764034825553
2015-01-02,0.1913460428853351
2015-01-05,0.24817365492663745
2015-01-06,0.2681982607679599
2015-01-07,0.24873092407887182
2015-01-08,0.23520976843682065
2015-01-09,0.23225934698327755
2015-01-12,0.19980193237775
2015-01-13,0.20247289086195383
2015-01-14,0.20145077364478295
2015-01-15,0.208932886558414
2015-01-16,0.21148772249766598
2015-01-20,0.20962423303827715
2015-01-21,0.20190186483032044
2015-01-22,0.20776026483296814
2015-01-23,0.2137768471318676
2015-01-26,0.20915724400325864
2015-01-27,0.20814823799976684
2015-01-28,0.221620805530659
2015-01-29,0.22328056070979502
2015-01-30,0.2099945772120147
2015-02-02,0.19797881457653851
2015-02-03,0.1818438133433406
2015-02-04,0.1762296599848207
2015-02-05,0.17117696162522325
2015-02-06,0.17477878998213087
2015-02-09,0.16143853736696973
2015-02-10,0.15384487817555123
2015-02-11,0.16123151541595107
2015-02-12,0.16135372976596724
2015-02-13,0.14818194328785275
2015-02-17,0.16089185619394575
2015-02-18,0.15481388081820666
2015-02-19,0.15761248470900358
2015-02-20,0.16176615658224378
2015-02-23,0.17201815930505665
2015-02-24,0.16262288788062232
2015-02-25,0.1308473971291782
2015-02-26,0.1352566786576232
2015-02-27,0.14043539764032847
2015-03-02,0.13961073412852215
2015-03-03,0.13698621669976183
2015-03-04,0.1306054822169593
2015-03-05,0.12468289610560843
2015-03-06,0.14135841594545337
2015-03-09,0.14072780413261898
2015-03-10,0.14153049934983314
2015-03-11,0.14640194605217738
2015-03-12,0.14535617218960825
2015-03-13,0.1455213700923177
2015-03-16,0.14876471930601554
2015-03-17,0.1438987616935335
2015-03-18,0.13070066809639286
2015-03-19,0.13906156390915825
2015-03-20,0.1280560072447018
2015-03-23,0.1328653722661397
2015-03-24,0.13682862943077756
2015-03-25,0.13983358195780915
2015-03-26,0.13986865083939085
2015-03-27,0.137525568532708
2015-03-30,0.1345012238399302
2015-03-31,0.14175483729623506
2015-04-01,0.13989564079110844
2015-04-02,0.13422441692830697
2015-04-06,0.11717446430728398
2015-04-07,0.11426116647427287
2015-04-08,0.11547548023448971
2015-04-09,0.11769874183266645
2015-04-10,0.1179963120894166
2015-04-13,0.11378680554752399
2015-04-14,0.12187819098636503
2015-04-15,0.1144701658847262
2015-04-16,0.12011250739437261
2015-04-17,0.11958219255610147
2015-04-20,0.11012258257984817
2015-04-21,0.10787212699904146
2015-04-22,0.1064225419739984
2015-04-23,0.10172071498373798
2015-04-24,0.09945448293953756
2015-04-27,0.09909511996527774
2015-04-28,0.0998396922715417
2015-04-29,0.09851861133498804
2015-04-30,0.09332727930660234
2015-05-01,0.09262706643281286
2015-05-04,0.09333877911645556
2015-05-05,0.09418832007835942
2015-05-06,0.10004401618073833
2015-05-07,0.11348208356388174
2015-05-08,0.09850682832338471
2015-05-11,0.10240877971828738
2015-05-12,0.09986527412303771
2015-05-13,0.09780539205402702
2015-05-14,0.10215077228728571
2015-05-15,0.10274276261029859
2015-05-18,0.09543769738997253
2015-05-19,0.0948307464691889
2015-05-20,0.09545826642035612
2015-05-21,0.09824191944478147
2015-05-22,0.09731245171879474
2015-05-26,0.09973316387905284
2015-05-27,0.10014166397141289
2015-05-28,0.09535755575062087
2015-05-29,0.09585733680567007
2015-06-01,0.10613194904700185
2015-06-02,0.11239152829685792
2015-06-03,0.10876462127840775
2015-06-04,0.11393933749147539
2015-06-05,0.1177695149851426
2015-06-08,0.11690359369270191
2015-06-09,0.12218441501252936
2015-06-10,0.11780432769255021
2015-06-11,0.11516525514647351
2015-06-12,0.11978178865651543
2015-06-15,0.11917570145313393
2015-06-16,0.11817540172372142
2015-06-17,0.11594316313638223
2015-06-18,0.1086853328210592
2015-06-19,0.10966739297042956
2015-06-22,0.10573382858030132
2015-06-23,0.11577507997116532
2015-06-24,0.11868569561739684
2015-06-25,0.11834625819390768
2015-06-26,0.11727973274708162
2015-06-29,0.13012806116456418
2015-06-30,0.1445904927055372
2015-07-01,0.1601550062507485
2015-07-02,0.15727082939631445
2015-07-06,0.15275050965947182
2015-07-07,0.14950711286234797
2015-07-08,0.17254692258241544
2015-07-09,0.17608477983986368
2015-07-10,0.17729954446398005
2015-07-13,0.16415687699500928
2015-07-14,0.16653505993906714
2015-07-15,0.17011797808816911
2015-07-16,0.1673129371917223
2015-07-17,0.17113052549532878
2015-07-20,0.18774868431199712
2015-07-21,0.19640003260107924
2015-07-22,0.1788882716346877
2015-07-23,0.18685217788748232
2015-07-24,0.1913460816492714
2015-07-27,0.19025974852102853
2015-07-28,0.16246694445856805
2015-07-29,0.16625260019240357
2015-07-30,0.16466187275492677
2015-07-31,0.159571011389516
2015-08-03,0.16290942957764212
2015-08-04,0.20464988231869882
2015-08-05,0.1874373030852279
2015-08-06,0.19946799783853897
2015-08-07,0.19909189085251647
2015-08-10,0.17357508016945983
2015-08-11,0.1984191830133688
2015-08-12,0.16652685060471645
2015-08-13,0.17661579621019502
2015-08-14,0.16681369568204765
2015-08-17,0.1572767859778796
2015-08-18,0.16118210206475753
2015-08-19,0.1684471939256993
2015-08-20,0.19031995710660035
2015-08-21,0.21309011746369147
2015-08-24,0.22039870272975118
2015-08-25,0.22665276291695796
2015-08-26,0.21565705484091657
2015-08-27,0.18773104674378593
2015-08-28,0.17568172793620362
2015-08-31,0.18087195431879066
2015-09-01,0.20774678540216757
2015-09-02,0.22538186030649768
2015-09-03,0.21691451219488245
2015-09-04,0.2420330384314617
2015-09-08,0.23954853243276292
2015-09-09,0.27006982634326604
2015-09-10,0.2658599667431453
2015-09-11,0.2831876572019055
2015-09-14,0.29551942121658803
2015-09-15,0.2765810241627372
2015-09-16,0.27675358254394566
2015-09-17,0.274900125286421
2015-09-18,0.3072155333238
2015-09-21,0.3584331722386956
2015-09-22,0.38418086704864335
2015-09-23,0.39455177859078616
2015-09-24,0.387868530207555
2015-09-25,0.40910649885469863
2015-09-28,0.4219109556787738
2015-09-29,0.38750139187484506
2015-09-30,0.3717186009078719
2015-10-01,0.3689444497877543
2015-10-02,0.36433182484142607
2015-10-05,0.32940915601016996
2015-10-06,0.3234486887013256
2015-10-07,0.33332128159196706
2015-10-08,0.33189992752013825
2015-10-09,0.32725542931074586
2015-10-12,0.3472386004051792
2015-10-13,0.3428949326177307
2015-10-14,0.338636860212295
2015-10-15,0.32000059585663376
2015-10-16,0.33351801850076107
2015-10-19,0.3012074552046419
2015-10-20,0.26124155105146835
2015-10-21,0.27647830499326587
2015-10-22,0.27250655756538916
2015-10-23,0.3034899710386493
2015-10-26,0.27184234828201637
2015-10-27,0.2947642961999127
2015-10-28,0.27024554910053233
2015-10-29,0.27277511935303483
2015-10-30,0.27821822732262885
2015-11-02,0.2461906632961474
2015-11-03,0.16848424301078058
2015-11-04,0.15626217090686928
2015-11-05,0.17691527254357484
2015-11-06,0.16487838429625654
2015-11-09,0.16834940053156017
2015-11-10,0.16853617557980166
2015-11-11,0.17958431759272817
2015-11-12,0.1932413019095197
2015-11-13,0.1886882987220788
2015-11-16,0.16853248614361863
2015-11-17,0.18742767845466768
2015-11-18,0.18390063204208926
2015-11-19,0.19282801996193163
2015-11-20,0.1914452003935698
2015-11-23,0.2156770774251334
2015-11-24,0.1956685179944896
2015-11-25,0.20730300667021134
2015-11-27,0.2287956772719631
2015-11-30,0.20370068752779794
2015-12-01,0.20426357415101792
2015-12-02,0.26397615755374626
2015-12-03,0.2536740328631733
2015-12-04,0.37446934791656
2015-12-07,0.3764233809235764
2015-12-08,0.3440160842515526
2015-12-09,0.2154780475402812
2015-12-10,0.21370584572308612
2015-12-11,0.22733358902400708
2015-12-14,0.27135302115329396
2015-12-15,0.2624628913152201
2015-12-16,0.24992312113375886
2015-12-17,0.25583682064626057
2015-12-18,0.20746193359513626
2015-12-21,0.18530355826347966
2015-12-22,0.18533487304044366
2015-12-23,0.16667138869531423
2015-12-24,0.16682813229242996
2015-12-28,0.15304366507889575
2015-12-29,0.147610574838047
2015-12-30,0.161274853831798
2015-12-31,0.14028680529282217
2016-01-04,0.13796374020655494
2016-01-05,0.12769063150368304
2016-01-06,0.15256377924380624
2016-01-07,0.15303501828707844
2016-01-08,0.14805001146135174
2016-01-11,0.176966844759374
2016-01-12,0.22676067015567644
2016-01-13,0.23182875321804783
2016-01-14,0.20827901840501933
2016-01-15,0.14418713361802402
2016-01-19,0.14679949451152796
2016-01-20,0.1568997523197031
2016-01-21,0.1441209423977013
2016-01-22,0.1437434523815294
2016-01-25,0.1639878282621109
2016-01-26,0.13144840175381298
2016-01-27,0.12651665294844175
2016-01-28,0.12331149004017504
2016-01-29,0.10968973500780574
2016-02-01,0.11141696716162507
2016-02-02,0.11338287586140627
2016-02-03,0.09971825825147144
2016-02-04,0.09348415599023556
2016-02-05,0.09489786723831162
2016-02-08,0.10324142527775426
2016-02-09,0.10692028019136895
2016-02-10,0.10802193322658361
2016-02-11,0.13367716648374695
2016-02-12,0.12395549170885457
2016-02-16,0.11704300542877784
2016-02-17,0.10537239139255568
2016-02-18,0.1015992008658377
2016-02-19,0.11156945524247203
2016-02-22,0.09815361827742161
2016-02-23,0.08310206354466694
2016-02-24,0.07583027545678903
2016-02-25,0.07472298023677816
2016-02-26,0.07325239877730504
2016-02-29,0.08532020348264191
2016-03-01,0.07427408694588294
2016-03-02,0.06337391362183757
2016-03-03,0.06090761575507791
2016-03-04,0.05474334443289529
2016-03-07,0.051280293747157736
2016-03-08,0.059708787324723754
2016-03-09,0.06130402116460358
2016-03-10,0.055530701302413166
2016-03-11,0.054963712919331116
2016-03-14,0.05448046911878494
2016-03-15,0.05634144674065314
2016-03-16,0.04773518401150204
2016-03-17,0.046567133926766514
2016-03-18,0.04868781389274106
2016-03-21,0.04998656514059315
2016-03-22,0.04858522025747411
2016-03-23,0.05447495172403905
2016-03-24,0.053026139778303234
2016-03-28,0.057897545203241474
2016-03-29,0.05556406713611378
2016-03-30,0.0647927905421235
2016-03-31,0.06385706793547279
2016-04-01,0.06702318112584878
2016-04-04,0.06790333290805746
2016-04-05,0.07275650475958055
2016-04-06,0.07501832332610334
2016-04-07,0.07304491238245041
2016-04-08,0.06909767896501519
2016-04-11,0.06121040458164083
2016-04-12,0.06368868631871341
2016-04-13,0.06197352534125153
2016-04-14,0.0649902423141716
2016-04-15,0.06352589528203775
2016-04-18,0.06297681379928567
2016-04-19,0.060290048056362976
2016-04-20,0.06051851475519415
2016-04-21,0.05765436815487301
2016-04-22,0.05621735091356338
2016-04-25,0.05881863447312604
2016-04-26,0.05671063737384682
2016-04-27,0.05562801921149804
2016-04-28,0.05874526384413708
2016-04-29,0.05791111509898388
2016-05-02,0.05662921341629988
2016-05-03,0.05763168158472296
2016-05-04,0.06801040960246801
2016-05-05,0.06709964757445751
2016-05-06,0.06345020758363311
2016-05-09,0.06343469583759798
2016-05-10,0.060323948334672015
2016-05-11,0.0612156386879706
2016-05-12,0.06298280665940344
2016-05-13,0.06557486528755133
2016-05-16,0.06439645312639344
2016-05-17,0.06276448514593407
2016-05-18,0.06824007596594159
2016-05-19,0.06653684640471746
2016-05-20,0.06619147926464608
2016-05-23,0.0681837660149548
2016-05-24,0.06901144905021658
2016-05-25,0.06688704893946484
2016-05-26,0.06684983349621092
2016-05-27,0.06501514964477897
2016-05-31,0.06454232881898031
2016-06-01,0.06573368386575552
2016-06-02,0.06611599933549167
2016-06-03,0.0657651951304474
2016-06-06,0.06498453624526039
2016-06-07,0.06458772461113768
2016-06-08,0.06580469469125809
2016-06-09,0.06798357802896118
2016-06-10,0.0769510083236636
2016-06-13,0.07837534743676515
2016-06-14,0.08453896647311511
2016-06-15,0.08377880754131438
2016-06-16,0.08434541227848946
2016-06-17,0.07738991570862996
2016-06-20,0.07655272462245956
2016-06-21,0.07658817458714554
2016-06-22,0.07968058879912464
2016-06-23,0.07576237468198829
2016-06-24,0.086373881246774
2016-06-27,0.08862502714611191
2016-06-28,0.0775598691347879
2016-06-29,0.07140864952237243
2016-06-30,0.06912090449261006
2016-07-01,0.07085912770511149
2016-07-05,0.0724981595203649
2016-07-06,0.07022003659356903
2016-07-07,0.06912552994214147
2016-07-08,0.06566470614432175
2016-07-11,0.06136517103855715
2016-07-12,0.0580186078256595
2016-07-13,0.05798486010234751
2016-07-14,0.05821675621502324
2016-07-15,0.05231052913790959
2016-07-18,0.05214026167092268
2016-07-19,0.05475005238736808
2016-07-20,0.05449076860966128
2016-07-21,0.05416063047042264
2016-07-22,0.0530809818727115
2016-07-25,0.05315415975953961
2016-07-26,0.05291818640360743
2016-07-27,0.06113503494440967
2016-07-28,0.05726330173692282
2016-07-29,0.05833400703206655
2016-08-01,0.060901039683518045
2016-08-02,0.060812062178571796
2016-08-03,0.05518187642190216
2016-08-04,0.055294301042988735
2016-08-05,0.05511228272079748
2016-08-08,0.054262570685038064
2016-08-09,0.06008828298232942
2016-08-10,0.06203586716001484
2016-08-11,0.060439880882798655
2016-08-12,0.06297887337072684
2016-08-15,0.06173316543881766
2016-08-16,0.060352105078212356
2016-08-17,0.061228392096452894
2016-08-18,0.06185510766792093
2016-08-19,0.055617720102438414
2016-08-22,0.05534984947142594
2016-08-23,0.05364008778918032
2016-08-24,0.05510445446703727
2016-08-25,0.05443381395572372
2016-08-26,0.053735658102299036
2016-08-29,0.05206583124385438
2016-08-30,0.05246460663767543
2016-08-31,0.05125662867486887
2016-09-01,0.05391563440274566
2016-09-02,0.0527979006608173
2016-09-06,0.05341330683247184
2016-09-07,0.05291711828097207
2016-09-08,0.048638685729125906
2016-09-09,0.051527316221463566
2016-09-12,0.049834635123887305
2016-09-13,0.05617090467154505
2016-09-14,0.057917757648461694
2016-09-15,0.055644739146384625
2016-09-16,0.05363455552203794
2016-09-19,0.054999871591081946
2016-09-20,0.05542327005878086
2016-09-21,0.05275501629271133
2016-09-22,0.05337422360291654
2016-09-23,0.05504879443393424
2016-09-26,0.061311306460860665
2016-09-27,0.06255575631144877
2016-09-28,0.05968491861268812
2016-09-29,0.061044842796648874
2016-09-30,0.06089878542663633
2016-10-03,0.06237117536034603
2016-10-04,0.06193088191682935
2016-10-05,0.06239896299968662
2016-10-06,0.062358710561149194
2016-10-07,0.06403753930124337
2016-10-10,0.05976065122983594
2016-10-11,0.0626818030127781
2016-10-12,0.06252467263212864
2016-10-13,0.06308635490826343
2016-10-14,0.06526461840748204
2016-10-17,0.06511930999798209
2016-10-18,0.060482328064523444
2016-10-19,0.05807682723632841
2016-10-20,0.05858315009674816
2016-10-21,0.06079145427128476
2016-10-24,0.06027975961145073
2016-10-25,0.062203903300804254
2016-10-26,0.06412159608162418
2016-10-27,0.06359597432345881
2016-10-28,0.05797222591520141
2016-10-31,0.06150142028001473
2016-11-01,0.061917969497793074
2016-11-02,0.06250368459278693
2016-11-03,0.06150955130059002
2016-11-04,0.05884720544173741
2016-11-07,0.05745362207936924
2016-11-08,0.05905314180437484
2016-11-09,0.06306604883945224
2016-11-10,0.06508105265104631
2016-11-11,0.06659848600952582
2016-11-14,0.06700987790970886
2016-11-15,0.06477168037227224
2016-11-16,0.06622672070484868
2016-11-17,0.06751101441797604
2016-11-18,0.06856641555505279
2016-11-21,0.06776781246275308
2016-11-22,0.06874055810265478
2016-11-23,0.0679759048703699
2016-11-25,0.06696981838054882
2016-11-28,0.06605576079981741
2016-11-29,0.0657310174654547
2016-11-30,0.06843566175977156
2016-12-01,0.06887731508201772
2016-12-02,0.06962877457617415
2016-12-05,0.06987652080830477
2016-12-06,0.07608201181553162
2016-12-07,0.07643048232423559
2016-12-08,0.07624725025246289
2016-12-09,0.0757161693516242
2016-12-12,0.07307966186851114
2016-12-13,0.07174728875581082
2016-12-14,0.07092147025819383
2016-12-15,0.06920856304192999
2016-12-16,0.06833256062246254
2016-12-19,0.07072874531153715
2016-12-20,0.0705304090034062
2016-12-21,0.06982162462737802
2016-12-22,0.06929947668206035
2016-12-23,0.07041072689594782
2016-12-27,0.07113564854541211
2016-12-28,0.07114200114407211
2016-12-29,0.07004102761523956
2016-12-30,0.06942651781306361
2017-01-03,0.06908085150268442
2017-01-04,0.07160472426182454
2017-01-05,0.07268428602962336
2017-01-06,0.0704928204154979
2017-01-09,0.07399686308220729
2017-01-10,0.07598728230650725
2017-01-11,0.07544170810013194
2017-01-12,0.07438848216684509
2017-01-13,0.07545028985385804
2017-01-17,0.07788466932789583
2017-01-18,0.07737369752213111
2017-01-19,0.07953856447102196
2017-01-20,0.08035657184204403
2017-01-23,0.08048832850537121
2017-01-24,0.08083286262836822
2017-01-25,0.08004894760736106
2017-01-26,0.08075959264070309
2017-01-27,0.08002373459150906
2017-01-30,0.08811395223092996
2017-01-31,0.0872629462232136
2017-02-01,0.08845658114605816
2017-02-02,0.08939536395093246
2017-02-03,0.08825912073648388
2017-02-06,0.08766310538299858
2017-02-07,0.08519560704551354
2017-02-08,0.08523847145686833
2017-02-09,0.08631996459092442
2017-02-10,0.08528959499195526
2017-02-13,0.08455371853894823
2017-02-14,0.08672938661421477
2017-02-15,0.08773983840388641
2017-02-16,0.08504583220381112
2017-02-17,0.09286979341350352
2017-02-21,0.09126356365240901
2017-02-22,0.09058201773724377
2017-02-23,0.08900300025402114
2017-02-24,0.08608489253588304
2017-02-27,0.08707308301001271
2017-02-28,0.08311009447931454
2017-03-01,0.08757230060219172
2017-03-02,0.0871137799713091
2017-03-03,0.08734379481763188
2017-03-06,0.08935729092346073
2017-03-07,0.08910143075352399
2017-03-08,0.0914005084608084
2017-03-09,0.09376518898354598
2017-03-10,0.09313384321522906
2017-03-13,0.09220184084362085
2017-03-14,0.0914162388063558
2017-03-15,0.09001108043634018
2017-03-16,0.09112407995514774
2017-03-17,0.09060497272369744
2017-03-20,0.09420006917159192
2017-03-21,0.09223870679084138
2017-03-22,0.09221465431377644
2017-03-23,0.0933157320775046
2017-03-24,0.09353683983507781
2017-03-27,0.09231948557729958
2017-03-28,0.08962232086640613
2017-03-29,0.09092460319717151
2017-03-30,0.0910883057256545
2017-03-31,0.09062574181761196
2017-04-03,0.0905282392990472
2017-04-04,0.09016433437876206
2017-04-05,0.08994466780674235
2017-04-06,0.09038670395384592
2017-04-07,0.09171029309889084
2017-04-10,0.09202067805020153
2017-04-11,0.09216409100785801
2017-04-12,0.09141302013898837
2017-04-13,0.09125349725307258
2017-04-17,0.0933232998621954
2017-04-18,0.09374668291104328
2017-04-19,0.09329417953487466
2017-04-20,0.09150857126400154
2017-04-21,0.09119535432672535
2017-04-24,0.09013419129750656
2017-04-25,0.08811379680534356
2017-04-26,0.0885413260341287
2017-04-27,0.08819760732593133
2017-04-28,0.08998004751574272
2017-05-01,0.09054623639277744
2017-05-02,0.08457774367807262
2017-05-03,0.08185766730644134
2017-05-04,0.08081809128019272
2017-05-05,0.08070997050745812
2017-05-08,0.07954840759875599
2017-05-09,0.08113094046088788
2017-05-10,0.08122355247753743
2017-05-11,0.0824731250218489
2017-05-12,0.08299730859276593
2017-05-15,0.0820643867067998
2017-05-16,0.08238298264032713
2017-05-17,0.08253788215015967
2017-05-18,0.08469494101561977
2017-05-19,0.08581100225803741
2017-05-22,0.08558942111790972
2017-05-23,0.08431003465166782
