Date,Close
2001-05-02,-0.4157
2001-05-03,-0.3998
2001-05-04,-0.4003
2001-05-07,-0.4094
2001-05-08,-0.4057
2001-05-09,-0.3986
2001-05-10,-0.3969
2001-05-11,-0.4131
2001-05-14,-0.4063
2001-05-15,-0.4013
2001-05-16,-0.3996
2001-05-17,-0.397
2001-05-18,-0.3796
2001-05-21,-0.3766
2001-05-22,-0.3826
2001-05-23,-0.382
2001-05-24,-0.3977
2001-05-25,-0.3949
2001-05-29,-0.3961
2001-05-30,-0.3949
2001-05-31,-0.3927
2001-06-01,-0.3975
2001-06-04,-0.3994
2001-06-05,-0.3853
2001-06-06,-0.3964
2001-06-07,-0.3989
2001-06-08,-0.3823
2001-06-11,-0.3772
2001-06-12,-0.3779
2001-06-13,-0.3847
2001-06-14,-0.3849
2001-06-15,-0.392
2001-06-18,-0.4051
2001-06-19,-0.3967
2001-06-20,-0.4267
2001-06-21,-0.4245
2001-06-22,-0.4199
2001-06-25,-0.4153
2001-06-26,-0.4207
2001-06-27,-0.4478
2001-06-28,-0.4455
2001-06-29,-0.444
2001-07-02,-0.443
2001-07-03,-0.443
2001-07-05,-0.4372
2001-07-06,-0.4152
2001-07-09,-0.4275
2001-07-10,-0.4325
2001-07-11,-0.4352
2001-07-12,-0.4282
2001-07-13,-0.439
2001-07-16,-0.4357
2001-07-17,-0.442
2001-07-18,-0.4581
2001-07-19,-0.4617
2001-07-20,-0.4445
2001-07-23,-0.4507
2001-07-24,-0.4477
2001-07-25,-0.4397
2001-07-26,-0.4373
2001-07-27,-0.4391
2001-07-30,-0.4444
2001-07-31,-0.4517
2001-08-01,-0.4464
2001-08-02,-0.425
2001-08-03,-0.4282
2001-08-06,-0.4286
2001-08-07,-0.4275
2001-08-08,-0.4336
2001-08-09,-0.4297
2001-08-10,-0.424
2001-08-13,-0.4293
2001-08-14,-0.4247
2001-08-15,-0.4305
2001-08-16,-0.4393
2001-08-17,-0.4614
2001-08-20,-0.4484
2001-08-21,-0.4367
2001-08-22,-0.4377
2001-08-23,-0.4326
2001-08-24,-0.4277
2001-08-27,-0.433
2001-08-28,-0.424
2001-08-29,-0.4226
2001-08-30,-0.4339
2001-08-31,-0.413
2001-09-04,-0.4262
2001-09-05,-0.4192
2001-09-06,-0.4138
2001-09-07,-0.3978
2001-09-10,-0.4046
2001-09-17,-0.3846
2001-09-18,-0.4002
2001-09-19,-0.4221
2001-09-20,-0.4186
2001-09-21,-0.4409
2001-09-24,-0.5009
2001-09-25,-0.5209
2001-09-26,-0.5141
2001-09-27,-0.5002
2001-09-28,-0.5007
2001-10-01,-0.4882
2001-10-02,-0.5017
2001-10-03,-0.5109
2001-10-04,-0.5062
2001-10-05,-0.5126
2001-10-08,-0.5122
2001-10-09,-0.5106
2001-10-10,-0.508
2001-10-11,-0.4979
2001-10-12,-0.5189
2001-10-15,-0.5248
2001-10-16,-0.5331
2001-10-17,-0.5422
2001-10-18,-0.5514
2001-10-19,-0.5335
2001-10-22,-0.5349
2001-10-23,-0.5459
2001-10-24,-0.5356
2001-10-25,-0.5473
2001-10-26,-0.5444
2001-10-29,-0.5442
2001-10-30,-0.5579
2001-10-31,-0.565
2001-11-01,-0.5824
2001-11-02,-0.5827
2001-11-05,-0.5877
2001-11-06,-0.5882
2001-11-07,-0.5843
2001-11-08,-0.5595
2001-11-09,-0.5319
2001-11-12,-0.5593
2001-11-13,-0.554
2001-11-14,-0.5954
2001-11-15,-0.6367
2001-11-16,-0.6242
2001-11-19,-0.6215
2001-11-20,-0.6047
2001-11-21,-0.6071
2001-11-26,-0.6142
2001-11-27,-0.5969
2001-11-28,-0.6037
2001-11-29,-0.6085
2001-11-30,-0.5968
2001-12-03,-0.577
2001-12-04,-0.5864
2001-12-05,-0.5916
2001-12-06,-0.6128
2001-12-07,-0.5975
2001-12-10,-0.6125
2001-12-11,-0.6163
2001-12-12,-0.61
2001-12-13,-0.6132
2001-12-14,-0.5886
2001-12-17,-0.5918
2001-12-18,-0.5909
2001-12-19,-0.582
2001-12-20,-0.5905
2001-12-21,-0.5905
2001-12-26,-0.5471
2001-12-27,-0.553
2001-12-28,-0.5622
2001-12-31,-0.5722
2002-01-02,-0.5446
2002-01-03,-0.5538
2002-01-04,-0.5288
2002-01-07,-0.5321
2002-01-08,-0.5422
2002-01-09,-0.5625
2002-01-10,-0.5541
2002-01-11,-0.5669
2002-01-14,-0.583
2002-01-15,-0.5833
2002-01-16,-0.5772
2002-01-17,-0.5952
2002-01-18,-0.5961
2002-01-22,-0.5902
2002-01-23,-0.576
2002-01-24,-0.5709
2002-01-25,-0.5588
2002-01-28,-0.5625
2002-01-29,-0.5742
2002-01-30,-0.5861
2002-01-31,-0.5748
2002-02-01,-0.5538
2002-02-04,-0.5624
2002-02-05,-0.5686
2002-02-06,-0.5769
2002-02-07,-0.5742
2002-02-08,-0.5601
2002-02-11,-0.5293
2002-02-12,-0.5447
2002-02-13,-0.5396
2002-02-14,-0.5448
2002-02-15,-0.5382
2002-02-19,-0.5576
2002-02-20,-0.5739
2002-02-21,-0.5625
2002-02-22,-0.5595
2002-02-25,-0.5798
2002-02-26,-0.56
2002-02-27,-0.5532
2002-02-28,-0.5402
2002-03-01,-0.5134
2002-03-04,-0.5114
2002-03-05,-0.4884
2002-03-06,-0.4789
2002-03-07,-0.4531
2002-03-08,-0.4507
2002-03-11,-0.4289
2002-03-12,-0.4332
2002-03-13,-0.4287
2002-03-14,-0.4222
2002-03-15,-0.4139
2002-03-18,-0.3899
2002-03-19,-0.3919
2002-03-20,-0.4046
2002-03-21,-0.3941
2002-03-22,-0.4173
2002-03-25,-0.4302
2002-03-26,-0.4172
2002-03-27,-0.3999
2002-03-28,-0.3924
2002-04-01,-0.376
2002-04-02,-0.3552
2002-04-03,-0.3766
2002-04-04,-0.4017
2002-04-05,-0.4081
2002-04-08,-0.3831
2002-04-09,-0.3911
2002-04-10,-0.3906
2002-04-11,-0.4363
2002-04-12,-0.4954
2002-04-15,-0.4387
2002-04-16,-0.4321
2002-04-17,-0.4173
2002-04-18,-0.4137
2002-04-19,-0.421
2002-04-22,-0.4348
2002-04-23,-0.4234
2002-04-24,-0.4374
2002-04-25,-0.4313
2002-04-26,-0.413
2002-04-29,-0.3986
2002-04-30,-0.4149
2002-05-01,-0.4234
2002-05-02,-0.4432
2002-05-03,-0.4404
2002-05-06,-0.4536
2002-05-07,-0.4453
2002-05-08,-0.4404
2002-05-09,-0.4535
2002-05-10,-0.4376
2002-05-13,-0.4308
2002-05-14,-0.4018
2002-05-15,-0.4399
2002-05-16,-0.4328
2002-05-17,-0.4243
2002-05-20,-0.4217
2002-05-21,-0.4437
2002-05-22,-0.4313
2002-05-23,-0.4398
2002-05-24,-0.438
2002-05-28,-0.4696
2002-05-29,-0.4541
2002-05-30,-0.4923
2002-05-31,-0.4823
2002-06-03,-0.4844
2002-06-04,-0.4774
2002-06-05,-0.4795
2002-06-06,-0.4738
2002-06-07,-0.48
2002-06-10,-0.4929
2002-06-11,-0.4979
2002-06-12,-0.4798
2002-06-13,-0.4523
2002-06-14,-0.4438
2002-06-17,-0.4398
2002-06-18,-0.4542
2002-06-19,-0.4624
2002-06-20,-0.4613
2002-06-21,-0.4751
2002-06-24,-0.4531
2002-06-25,-0.4577
2002-06-26,-0.4483
2002-06-27,-0.4421
2002-06-28,-0.4504
2002-07-01,-0.4449
2002-07-02,-0.447
2002-07-03,-0.4508
2002-07-08,-0.4754
2002-07-09,-0.4673
2002-07-10,-0.4469
2002-07-11,-0.4385
2002-07-12,-0.4124
2002-07-15,-0.4283
2002-07-16,-0.3915
2002-07-17,-0.3884
2002-07-18,-0.4033
2002-07-19,-0.3982
2002-07-22,-0.4254
2002-07-23,-0.4416
2002-07-24,-0.4135
2002-07-25,-0.4144
2002-07-26,-0.4147
2002-07-29,-0.4156
2002-07-30,-0.3935
2002-07-31,-0.4034
2002-08-01,-0.4305
2002-08-02,-0.4179
2002-08-05,-0.4245
2002-08-06,-0.418
2002-08-07,-0.4381
2002-08-08,-0.4373
2002-08-09,-0.4377
2002-08-12,-0.4153
2002-08-13,-0.4189
2002-08-14,-0.4163
2002-08-15,-0.3952
2002-08-16,-0.4008
2002-08-19,-0.4018
2002-08-20,-0.3924
2002-08-21,-0.3862
2002-08-22,-0.3961
2002-08-23,-0.3975
2002-08-26,-0.3716
2002-08-27,-0.3747
2002-08-28,-0.3873
2002-08-29,-0.3795
2002-08-30,-0.3747
2002-09-03,-0.4166
2002-09-04,-0.3996
2002-09-05,-0.3852
2002-09-06,-0.3755
2002-09-09,-0.3718
2002-09-10,-0.3625
2002-09-11,-0.3564
2002-09-12,-0.3765
2002-09-13,-0.3562
2002-09-16,-0.3682
2002-09-17,-0.3855
2002-09-18,-0.3636
2002-09-19,-0.361
2002-09-20,-0.3477
2002-09-23,-0.3191
2002-09-24,-0.3326
2002-09-25,-0.3449
2002-09-26,-0.3478
2002-09-27,-0.3432
2002-09-30,-0.346
2002-10-01,-0.3243
2002-10-02,-0.3264
2002-10-03,-0.3489
2002-10-04,-0.3542
2002-10-07,-0.3467
2002-10-08,-0.3279
2002-10-09,-0.331
2002-10-10,-0.3468
2002-10-11,-0.3313
2002-10-14,-0.3018
2002-10-15,-0.3115
2002-10-16,-0.3121
2002-10-17,-0.3116
2002-10-18,-0.2997
2002-10-21,-0.3411
2002-10-22,-0.3529
2002-10-23,-0.3374
2002-10-24,-0.3097
2002-10-25,-0.2905
2002-10-28,-0.2984
2002-10-29,-0.3114
2002-10-30,-0.3127
2002-10-31,-0.2957
2002-11-01,-0.2858
2002-11-04,-0.276
2002-11-05,-0.3096
2002-11-06,-0.3325
2002-11-07,-0.3489
2002-11-08,-0.3375
2002-11-11,-0.3399
2002-11-12,-0.3519
2002-11-13,-0.3649
2002-11-14,-0.3527
2002-11-15,-0.353
2002-11-18,-0.3309
2002-11-19,-0.3487
2002-11-20,-0.3374
2002-11-21,-0.3261
2002-11-22,-0.3016
2002-11-25,-0.3265
2002-11-26,-0.3181
2002-11-27,-0.3105
2002-12-02,-0.2894
2002-12-03,-0.2801
2002-12-04,-0.304
2002-12-05,-0.2807
2002-12-06,-0.293
2002-12-09,-0.2712
2002-12-10,-0.2446
2002-12-11,-0.2595
2002-12-12,-0.2262
2002-12-13,-0.1938
2002-12-16,-0.1548
2002-12-17,-0.1794
2002-12-18,-0.1579
2002-12-19,-0.1552
2002-12-20,-0.1541
2002-12-23,-0.1147
2002-12-24,-0.1056
2002-12-26,-0.1036
2002-12-27,-0.1039
2002-12-30,-0.1502
2002-12-31,-0.1562
2003-01-02,-0.1429
2003-01-03,-0.1069
2003-01-06,-0.1439
2003-01-07,-0.1841
2003-01-08,-0.1908
2003-01-09,-0.1334
2003-01-10,-0.154
2003-01-13,-0.1269
2003-01-14,-0.1343
2003-01-15,-0.1216
2003-01-16,-0.1183
2003-01-17,-0.1148
2003-01-21,-0.1249
2003-01-22,-0.1266
2003-01-23,-0.1278
2003-01-24,-0.1034
2003-01-27,-0.1244
2003-01-28,-0.0987
2003-01-29,-0.0568
2003-01-30,-0.049
2003-01-31,-0.0609
2003-02-03,-0.0701
2003-02-04,-0.0263
2003-02-05,0.0046
2003-02-06,0.0014
2003-02-07,0.0401
2003-02-10,0.0006
2003-02-11,0.029
2003-02-12,0.0067
2003-02-13,0.0045
2003-02-14,-0.0046
2003-02-18,-0.0324
2003-02-19,-0.0247
2003-02-20,-0.0611
2003-02-21,-0.0141
2003-02-24,0.0206
2003-02-25,-0.0191
2003-02-26,-0.0009
2003-02-27,0.0017
2003-02-28,0.0125
2003-03-03,0.0028
2003-03-04,0.0202
2003-03-05,0.0089
2003-03-06,0.0139
2003-03-07,0.0647
2003-03-10,0.0362
2003-03-11,0.0067
2003-03-12,0.0218
2003-03-13,-0.0343
2003-03-14,-0.0516
2003-03-17,-0.0649
2003-03-18,-0.129
2003-03-19,-0.1495
2003-03-20,-0.1821
2003-03-21,-0.2395
2003-03-24,-0.1941
2003-03-25,-0.2071
2003-03-26,-0.1678
2003-03-27,-0.1142
2003-03-28,-0.1283
2003-03-31,-0.1148
2003-04-01,-0.1576
2003-04-02,-0.2079
2003-04-03,-0.2002
2003-04-04,-0.2015
2003-04-07,-0.2293
2003-04-08,-0.2334
2003-04-09,-0.1961
2003-04-10,-0.2372
2003-04-11,-0.2214
2003-04-14,-0.2227
2003-04-15,-0.213
2003-04-16,-0.1991
2003-04-17,-0.1652
2003-04-21,-0.162
2003-04-22,-0.1944
2003-04-23,-0.2237
2003-04-24,-0.1925
2003-04-25,-0.1882
2003-04-28,-0.2117
2003-04-29,-0.2251
2003-04-30,-0.2237
2003-05-01,-0.2287
2003-05-02,-0.2512
2003-05-05,-0.2269
2003-05-06,-0.2505
2003-05-07,-0.2393
2003-05-08,-0.2106
2003-05-09,-0.185
2003-05-12,-0.2049
2003-05-13,-0.1744
2003-05-14,-0.1452
2003-05-15,-0.1516
2003-05-16,-0.1399
2003-05-19,-0.165
2003-05-20,-0.1687
2003-05-21,-0.1506
2003-05-22,-0.1257
2003-05-23,-0.1124
2003-05-27,-0.1237
2003-05-28,-0.1342
2003-05-29,-0.1288
2003-05-30,-0.1221
2003-06-02,-0.0884
2003-06-03,-0.0872
2003-06-04,-0.1108
2003-06-05,-0.0899
2003-06-06,-0.0816
2003-06-09,-0.0786
2003-06-10,-0.058
2003-06-11,-0.041
2003-06-12,-0.0846
2003-06-13,-0.1164
2003-06-16,-0.1259
2003-06-17,-0.1249
2003-06-18,-0.1378
2003-06-19,-0.1514
2003-06-20,-0.1236
2003-06-23,-0.1342
2003-06-24,-0.1492
2003-06-25,-0.1191
2003-06-26,-0.1416
2003-06-27,-0.1237
2003-06-30,-0.099
2003-07-01,-0.09
2003-07-02,-0.0918
2003-07-03,-0.0877
2003-07-07,-0.0854
2003-07-08,-0.0671
2003-07-09,-0.0316
2003-07-10,-0.0414
2003-07-11,-0.027
2003-07-14,-0.0302
2003-07-15,-0.0394
2003-07-16,-0.0815
2003-07-17,-0.081
2003-07-18,-0.0504
2003-07-21,-0.0399
2003-07-22,-0.0834
2003-07-23,-0.0759
2003-07-24,-0.0734
2003-07-25,-0.0724
2003-07-28,-0.078
2003-07-29,-0.0784
2003-07-30,-0.0536
2003-07-31,-0.062
2003-08-01,-0.0068
2003-08-04,-0.0235
2003-08-05,0.0037
2003-08-06,-0.003
2003-08-07,0.0133
2003-08-08,0.0048
2003-08-11,-0.0097
2003-08-12,0.0062
2003-08-13,-0.0018
2003-08-14,0.0261
2003-08-15,0.0492
2003-08-18,0.0379
2003-08-19,0.0375
2003-08-20,0.0534
2003-08-21,0.1491
2003-08-22,0.1423
2003-08-25,0.1661
2003-08-26,0.1299
2003-08-27,0.1093
2003-08-28,0.1181
2003-08-29,0.1282
2003-09-02,0.0474
2003-09-03,0.0409
2003-09-04,0.0528
2003-09-05,0.0615
2003-09-08,0.0633
2003-09-09,0.0833
2003-09-10,0.0792
2003-09-11,0.0464
2003-09-12,0.0452
2003-09-15,0.0593
2003-09-16,0.0346
2003-09-17,-0.0052
2003-09-18,0.0017
2003-09-19,-0.013
2003-09-22,0
2003-09-23,0.0095
2003-09-24,0.0654
2003-09-25,0.0759
2003-09-26,0.0774
2003-09-29,0.0681
2003-09-30,0.095
2003-10-01,0.0965
2003-10-02,0.1119
2003-10-03,0.1425
2003-10-06,0.1341
2003-10-07,0.1275
2003-10-08,0.1226
2003-10-09,0.1729
2003-10-10,0.1821
2003-10-13,0.1685
2003-10-14,0.181
2003-10-15,0.1755
2003-10-16,0.1673
2003-10-17,0.1408
2003-10-20,0.1501
2003-10-21,0.1402
2003-10-22,0.1127
2003-10-23,0.1271
2003-10-24,0.1285
2003-10-27,0.1198
2003-10-28,0.1215
2003-10-29,0.1124
2003-10-30,0.0833
2003-10-31,0.1048
2003-11-03,0.0966
2003-11-04,0.0935
2003-11-05,0.1334
2003-11-06,0.1237
2003-11-07,0.1426
2003-11-10,0.1339
2003-11-11,0.1533
2003-11-12,0.1637
2003-11-13,0.1786
2003-11-14,0.2011
2003-11-17,0.1795
2003-11-18,0.2252
2003-11-19,0.2139
2003-11-20,0.1903
2003-11-21,0.1887
2003-11-24,0.1424
2003-11-25,0.1344
2003-11-26,0.1511
2003-12-01,0.1384
2003-12-02,0.1585
2003-12-03,0.1731
2003-12-04,0.1763
2003-12-05,0.168
2003-12-08,0.1901
2003-12-09,0.1813
2003-12-10,0.184
2003-12-11,0.1805
2003-12-12,0.2171
2003-12-15,0.2195
2003-12-16,0.22
2003-12-17,0.2361
2003-12-18,0.2439
2003-12-19,0.2236
2003-12-22,0.1884
2003-12-23,0.2075
2003-12-24,0.231
2003-12-29,0.2249
2003-12-30,0.2536
2003-12-31,0.239
2004-01-05,0.283
2004-01-06,0.2716
2004-01-07,0.267
2004-01-08,0.2962
2004-01-09,0.3298
2004-01-12,0.3222
2004-01-13,0.3038
2004-01-14,0.297
2004-01-15,0.239
2004-01-16,0.3013
2004-01-20,0.3222
2004-01-21,0.3258
2004-01-22,0.361
2004-01-23,0.3426
2004-01-26,0.3086
2004-01-27,0.2945
2004-01-28,0.2937
2004-01-29,0.2843
2004-01-30,0.2782
2004-02-02,0.3286
2004-02-03,0.3128
2004-02-04,0.297
2004-02-05,0.3171
2004-02-06,0.2728
2004-02-09,0.2788
2004-02-10,0.3218
2004-02-11,0.3195
2004-02-12,0.3169
2004-02-13,0.3437
2004-02-17,0.3629
2004-02-18,0.3611
2004-02-19,0.3682
2004-02-20,0.3419
2004-02-23,0.339
2004-02-24,0.3357
2004-02-25,0.3719
2004-02-26,0.3714
2004-02-27,0.3838
2004-03-01,0.405
2004-03-02,0.4012
2004-03-03,0.3541
2004-03-04,0.3636
2004-03-05,0.383
2004-03-08,0.3419
2004-03-09,0.3177
2004-03-10,0.3286
2004-03-11,0.3787
2004-03-12,0.3557
2004-03-15,0.3903
2004-03-16,0.3848
2004-03-17,0.4161
2004-03-18,0.4111
2004-03-19,0.4139
2004-03-22,0.3875
2004-03-23,0.4052
2004-03-24,0.4048
2004-03-25,0.3633
2004-03-26,0.3874
2004-03-29,0.3741
2004-03-30,0.4128
2004-03-31,0.3978
2004-04-01,0.3387
2004-04-02,0.3349
2004-04-05,0.3213
2004-04-06,0.3362
2004-04-07,0.3753
2004-04-08,0.4136
2004-04-12,0.4431
2004-04-13,0.4188
2004-04-14,0.4181
2004-04-15,0.4416
2004-04-16,0.4339
2004-04-19,0.4278
2004-04-20,0.4212
2004-04-21,0.3971
2004-04-22,0.4448
2004-04-23,0.4274
2004-04-26,0.445
2004-04-27,0.4695
2004-04-28,0.489
2004-04-29,0.4991
2004-04-30,0.5032
2004-05-03,0.5298
2004-05-04,0.5736
2004-05-05,0.5803
2004-05-06,0.5798
2004-05-07,0.6064
2004-05-10,0.5641
2004-05-11,0.5901
2004-05-12,0.6413
2004-05-13,0.6683
2004-05-14,0.6779
2004-05-17,0.6848
2004-05-18,0.6547
2004-05-19,0.7181
2004-05-20,0.718
2004-05-21,0.6846
2004-05-24,0.7256
2004-05-25,0.6843
2004-05-26,0.6729
2004-05-27,0.6262
2004-05-28,0.6331
2004-06-01,0.6986
2004-06-02,0.6279
2004-06-03,0.581
2004-06-04,0.5235
2004-06-07,0.547
2004-06-08,0.5119
2004-06-09,0.5129
2004-06-10,0.5337
2004-06-14,0.4981
2004-06-15,0.4959
2004-06-16,0.4918
2004-06-17,0.5327
2004-06-18,0.5426
2004-06-21,0.5071
2004-06-22,0.5445
2004-06-23,0.5471
2004-06-24,0.5675
2004-06-25,0.5513
2004-06-28,0.4904
2004-06-29,0.4725
2004-06-30,0.5197
2004-07-01,0.5782
2004-07-02,0.597
2004-07-06,0.6247
2004-07-07,0.6261
2004-07-08,0.6804
2004-07-09,0.6741
2004-07-12,0.6528
2004-07-13,0.6379
2004-07-14,0.6686
2004-07-15,0.6728
2004-07-16,0.6531
2004-07-19,0.6443
2004-07-20,0.5988
2004-07-21,0.5954
2004-07-22,0.6098
2004-07-23,0.6314
2004-07-26,0.5993
2004-07-27,0.5969
2004-07-28,0.6448
2004-07-29,0.632
2004-07-30,0.6579
2004-08-02,0.6392
2004-08-03,0.6396
2004-08-04,0.5564
2004-08-05,0.5974
2004-08-06,0.5877
2004-08-09,0.5931
2004-08-10,0.5879
2004-08-11,0.6152
2004-08-12,0.6511
2004-08-13,0.6998
2004-08-16,0.6575
2004-08-17,0.6585
2004-08-18,0.6502
2004-08-19,0.6766
2004-08-20,0.6203
2004-08-23,0.6105
2004-08-24,0.6133
2004-08-25,0.5476
2004-08-26,0.5162
2004-08-27,0.5297
2004-08-30,0.4966
2004-08-31,0.4973
2004-09-01,0.5478
2004-09-02,0.552
2004-09-03,0.5653
2004-09-07,0.538
2004-09-08,0.5405
2004-09-09,0.5842
2004-09-10,0.523
2004-09-13,0.5602
2004-09-14,0.5989
2004-09-15,0.573
2004-09-16,0.5851
2004-09-17,0.6291
2004-09-20,0.6333
2004-09-21,0.6484
2004-09-22,0.7018
2004-09-23,0.702
2004-09-24,0.707
2004-09-27,0.7051
2004-09-28,0.7199
2004-09-29,0.6998
2004-09-30,0.6975
2004-10-01,0.7221
2004-10-04,0.7068
2004-10-05,0.7365
2004-10-06,0.7574
2004-10-07,0.7718
2004-10-08,0.7819
2004-10-11,0.7749
2004-10-12,0.7502
2004-10-13,0.7782
2004-10-14,0.7895
2004-10-15,0.7793
2004-10-18,0.7203
2004-10-19,0.7272
2004-10-20,0.7731
2004-10-21,0.7821
2004-10-22,0.8075
2004-10-25,0.7674
2004-10-26,0.7824
2004-10-27,0.7068
2004-10-28,0.6614
2004-10-29,0.6894
2004-11-01,0.6517
2004-11-02,0.6486
2004-11-03,0.6886
2004-11-04,0.6383
2004-11-05,0.6477
2004-11-08,0.6362
2004-11-09,0.5948
2004-11-10,0.6461
2004-11-11,0.6053
2004-11-12,0.6178
2004-11-15,0.5988
2004-11-16,0.5829
2004-11-17,0.6169
2004-11-18,0.5992
2004-11-19,0.6718
2004-11-22,0.6503
2004-11-23,0.6672
2004-11-24,0.6615
2004-11-29,0.6641
2004-11-30,0.6336
2004-12-01,0.5502
2004-12-02,0.4904
2004-12-03,0.4839
2004-12-06,0.4786
2004-12-07,0.4357
2004-12-08,0.4365
2004-12-09,0.4603
2004-12-10,0.4289
2004-12-13,0.4502
2004-12-14,0.4589
2004-12-15,0.5107
2004-12-16,0.4868
2004-12-17,0.5391
2004-12-20,0.5012
2004-12-21,0.5159
2004-12-22,0.4946
2004-12-23,0.4783
2004-12-27,0.3902
2004-12-28,0.3974
2004-12-29,0.4407
2004-12-30,0.4535
2005-01-03,0.4523
2005-01-04,0.4927
2005-01-05,0.4916
2005-01-06,0.5435
2005-01-07,0.5348
2005-01-10,0.529
2005-01-11,0.531
2005-01-12,0.5391
2005-01-13,0.5752
2005-01-14,0.5967
2005-01-18,0.5825
2005-01-19,0.5838
2005-01-20,0.5782
2005-01-21,0.6202
2005-01-24,0.6196
2005-01-25,0.6651
2005-01-26,0.6799
2005-01-27,0.6725
2005-01-28,0.6306
2005-01-31,0.6561
2005-02-01,0.623
2005-02-02,0.602
2005-02-03,0.5769
2005-02-04,0.569
2005-02-07,0.5207
2005-02-08,0.5247
2005-02-09,0.5459
2005-02-10,0.6034
2005-02-11,0.5922
2005-02-14,0.5865
2005-02-15,0.5649
2005-02-16,0.5913
2005-02-17,0.545
2005-02-18,0.5719
2005-02-22,0.6174
2005-02-23,0.6199
2005-02-24,0.6141
2005-02-25,0.6064
2005-02-28,0.6025
2005-03-01,0.5934
2005-03-02,0.6745
2005-03-03,0.6982
2005-03-04,0.6996
2005-03-07,0.696
2005-03-08,0.726
2005-03-09,0.7236
2005-03-10,0.6738
2005-03-11,0.7082
2005-03-14,0.6972
2005-03-15,0.698
2005-03-16,0.739
2005-03-17,0.7523
2005-03-18,0.7662
2005-03-21,0.7863
2005-03-22,0.7656
2005-03-23,0.7656
2005-03-24,0.7899
2005-03-28,0.7634
2005-03-29,0.7599
2005-03-30,0.7833
2005-03-31,0.8299
2005-04-01,0.8978
2005-04-04,0.8884
2005-04-05,0.8548
2005-04-06,0.826
2005-04-07,0.7348
2005-04-08,0.7034
2005-04-11,0.7166
2005-04-12,0.7006
2005-04-13,0.6511
2005-04-14,0.6709
2005-04-15,0.6506
2005-04-18,0.6612
2005-04-19,0.7369
2005-04-20,0.7481
2005-04-21,0.7868
2005-04-22,0.8191
2005-04-25,0.8175
2005-04-26,0.7919
2005-04-27,0.7111
2005-04-28,0.7135
2005-04-29,0.6577
2005-05-02,0.6761
2005-05-03,0.621
2005-05-04,0.628
2005-05-05,0.6408
2005-05-06,0.6376
2005-05-09,0.6489
2005-05-10,0.6719
2005-05-11,0.6436
2005-05-12,0.5936
2005-05-13,0.5738
2005-05-16,0.5668
2005-05-17,0.5968
2005-05-18,0.576
2005-05-19,0.598
2005-05-20,0.5807
2005-05-23,0.5601
2005-05-24,0.5883
2005-05-25,0.6133
2005-05-26,0.6108
2005-05-27,0.6335
2005-05-31,0.6265
2005-06-01,0.7037
2005-06-02,0.6749
2005-06-03,0.7166
2005-06-06,0.689
2005-06-07,0.6752
2005-06-08,0.657
2005-06-09,0.7309
2005-06-10,0.7031
2005-06-13,0.7137
2005-06-14,0.7004
2005-06-15,0.722
2005-06-16,0.7573
2005-06-17,0.8066
2005-06-20,0.8051
2005-06-21,0.7869
2005-06-22,0.772
2005-06-23,0.8162
2005-06-24,0.8152
2005-06-27,0.8345
2005-06-28,0.7761
2005-06-29,0.7375
2005-06-30,0.7183
2005-07-01,0.801
2005-07-05,0.8343
2005-07-06,0.9424
2005-07-07,0.9581
2005-07-08,0.9159
2005-07-11,0.8846
2005-07-12,0.9279
2005-07-13,0.9067
2005-07-14,0.846
2005-07-15,0.8408
2005-07-18,0.7998
2005-07-19,0.826
2005-07-20,0.8285
2005-07-21,0.8335
2005-07-22,0.8805
2005-07-25,0.8589
2005-07-26,0.8483
2005-07-27,0.8743
2005-07-28,0.8864
2005-07-29,0.9016
2005-08-01,0.9226
2005-08-02,0.9571
2005-08-03,0.9464
2005-08-04,0.9778
2005-08-05,1.0077
2005-08-08,1.0325
2005-08-09,0.9979
2005-08-10,1.0718
2005-08-11,1.1253
2005-08-12,1.1803
2005-08-15,1.1376
2005-08-16,1.1591
2005-08-17,1.0665
2005-08-18,1.0384
2005-08-19,1.0794
2005-08-22,1.0371
2005-08-23,1.0335
2005-08-24,1.1013
2005-08-25,1.1392
2005-08-26,1.1024
2005-08-29,1.2163
2005-08-30,1.4487
2005-08-31,1.5043
2005-09-01,1.658
2005-09-02,1.4327
2005-09-06,1.304
2005-09-07,1.2712
2005-09-08,1.2845
2005-09-09,1.2087
2005-09-12,1.1227
2005-09-13,1.1406
2005-09-14,1.1863
2005-09-15,1.1477
2005-09-16,1.0341
2005-09-19,1.2917
2005-09-20,1.2256
2005-09-21,1.3021
2005-09-22,1.3884
2005-09-23,1.3345
2005-09-26,1.3782
2005-09-27,1.4154
2005-09-28,1.4997
2005-09-29,1.4659
2005-09-30,1.4207
2005-10-03,1.3861
2005-10-04,1.3396
2005-10-05,1.2317
2005-10-06,1.1644
2005-10-07,1.1531
2005-10-10,1.1245
2005-10-11,1.1571
2005-10-12,1.1515
2005-10-13,1.0818
2005-10-14,1.0725
2005-10-17,1.1392
2005-10-18,1.0591
2005-10-19,1.0002
2005-10-20,0.937
2005-10-21,0.9638
2005-10-24,0.9054
2005-10-25,0.9777
2005-10-26,0.9084
2005-10-27,0.9141
2005-10-28,0.953
2005-10-31,0.8775
2005-11-01,0.891
2005-11-02,0.8565
2005-11-03,0.9141
2005-11-04,0.8954
2005-11-07,0.8435
2005-11-08,0.8497
2005-11-09,0.8387
2005-11-10,0.7942
2005-11-11,0.7724
2005-11-14,0.7834
2005-11-15,0.7438
2005-11-16,0.7704
2005-11-17,0.7469
2005-11-18,0.7494
2005-11-21,0.7446
2005-11-22,0.7749
2005-11-23,0.745
2005-11-28,0.6989
2005-11-29,0.6776
2005-11-30,0.7241
2005-12-01,0.7895
2005-12-02,0.8283
2005-12-05,0.812
2005-12-06,0.807
2005-12-07,0.7946
2005-12-08,0.8636
2005-12-09,0.8369
2005-12-12,0.8838
2005-12-13,0.8879
2005-12-14,0.8827
2005-12-15,0.877
2005-12-16,0.8159
2005-12-19,0.7722
2005-12-20,0.7558
2005-12-21,0.7734
2005-12-22,0.7876
2005-12-23,0.7975
2005-12-27,0.7704
2005-12-28,0.8231
2005-12-29,0.8844
2005-12-30,0.942
2006-01-03,0.9632
2006-01-04,1.0015
2006-01-05,0.994
2006-01-06,1.0225
2006-01-09,0.9745
2006-01-10,0.957
2006-01-11,0.9401
2006-01-12,0.9455
2006-01-13,0.9481
2006-01-17,1.017
2006-01-18,0.977
2006-01-19,0.977
2006-01-20,1.007
2006-01-23,0.987
2006-01-24,0.9514
2006-01-25,0.8816
2006-01-26,0.9013
2006-01-27,0.9484
2006-01-30,0.9769
2006-01-31,0.9478
2006-02-01,0.8805
2006-02-02,0.8263
2006-02-03,0.8387
2006-02-06,0.7992
2006-02-07,0.751
2006-02-08,0.7201
2006-02-09,0.7171
2006-02-10,0.6475
2006-02-13,0.615
2006-02-14,0.5831
2006-02-15,0.568
2006-02-16,0.6253
2006-02-17,0.6657
2006-02-21,0.6677
2006-02-22,0.6349
2006-02-23,0.6571
2006-02-24,0.6967
2006-02-27,0.629
2006-02-28,0.6763
2006-03-01,0.6969
2006-03-02,0.7595
2006-03-03,0.7951
2006-03-06,0.738
2006-03-07,0.7505
2006-03-08,0.7293
2006-03-09,0.737
2006-03-10,0.7155
2006-03-13,0.767
2006-03-14,0.8459
2006-03-15,0.8075
2006-03-16,0.846
2006-03-17,0.8295
2006-03-20,0.7718
2006-03-21,0.7945
2006-03-22,0.745
2006-03-23,0.812
2006-03-24,0.8545
2006-03-27,0.869
2006-03-28,0.9355
2006-03-29,0.97
2006-03-30,0.9725
2006-03-31,0.96
2006-04-03,0.9432
2006-04-04,0.9545
2006-04-05,0.998
2006-04-06,1.0359
2006-04-07,1.0171
2006-04-10,1.0434
2006-04-11,1.0841
2006-04-12,1.1075
2006-04-13,1.1217
2006-04-17,1.1767
2006-04-18,1.2134
2006-04-19,1.2389
2006-04-20,1.214
2006-04-21,1.2515
2006-04-24,1.196
2006-04-25,1.137
2006-04-26,1.138
2006-04-27,1.0638
2006-04-28,1.0925
2006-05-01,1.1706
2006-05-02,1.22
2006-05-03,1.1775
2006-05-04,1.0686
2006-05-05,1.1623
2006-05-08,1.1436
2006-05-09,1.246
2006-05-10,1.3544
2006-05-11,1.3845
2006-05-12,1.3206
2006-05-15,1.163
2006-05-16,1.1208
2006-05-17,1.055
2006-05-18,1.07
2006-05-19,1.08
2006-05-22,1.0672
2006-05-23,1.145
2006-05-24,1.0517
2006-05-25,1.135
2006-05-26,1.1956
2006-05-30,1.2338
2006-05-31,1.1867
2006-06-01,1.2062
2006-06-02,1.2941
2006-06-05,1.2683
2006-06-06,1.278
2006-06-07,1.1941
2006-06-08,1.2103
2006-06-09,1.2369
2006-06-12,1.1915
2006-06-13,1.1026
2006-06-14,1.1138
2006-06-15,1.1335
2006-06-16,1.1364
2006-06-19,1.0953
2006-06-20,1.0984
2006-06-21,1.1618
2006-06-22,1.2068
2006-06-23,1.2263
2006-06-26,1.2749
2006-06-27,1.2605
2006-06-28,1.2552
2006-06-29,1.2948
2006-06-30,1.3279
2006-07-03,1.3279
2006-07-05,1.3575
2006-07-06,1.3488
2006-07-07,1.3309
2006-07-10,1.2482
2006-07-11,1.2555
2006-07-12,1.3108
2006-07-13,1.3289
2006-07-14,1.3741
2006-07-17,1.3423
2006-07-18,1.3102
2006-07-19,1.276
2006-07-20,1.3019
2006-07-21,1.3679
2006-07-24,1.3626
2006-07-25,1.3333
2006-07-26,1.3183
2006-07-27,1.3081
2006-07-28,1.2721
2006-07-31,1.2663
2006-08-01,1.3278
2006-08-02,1.3678
2006-08-03,1.3208
2006-08-04,1.2759
2006-08-07,1.2754
2006-08-08,1.2274
2006-08-09,1.1541
2006-08-10,1.0232
2006-08-11,1.0878
2006-08-14,1.0052
2006-08-15,1.0246
2006-08-16,0.9812
2006-08-17,0.9204
2006-08-18,0.9606
2006-08-21,0.9337
2006-08-22,0.9361
2006-08-23,0.8409
2006-08-24,0.8162
2006-08-25,0.8612
2006-08-28,0.7837
2006-08-29,0.8006
2006-08-30,0.8352
2006-08-31,0.8152
2006-09-01,0.7962
2006-09-05,0.6946
2006-09-06,0.691
2006-09-07,0.6961
2006-09-08,0.6543
2006-09-11,0.6335
2006-09-12,0.6203
2006-09-13,0.6125
2006-09-14,0.6136
2006-09-15,0.6491
2006-09-18,0.6386
2006-09-19,0.5603
2006-09-20,0.5049
2006-09-21,0.5458
2006-09-22,0.5319
2006-09-25,0.5128
2006-09-26,0.5382
2006-09-27,0.5827
2006-09-28,0.5711
2006-09-29,0.5929
2006-10-02,0.5393
2006-10-03,0.4949
2006-10-04,0.5314
2006-10-05,0.544
2006-10-06,0.527
2006-10-09,0.5175
2006-10-10,0.4835
2006-10-11,0.4755
2006-10-12,0.484
2006-10-13,0.5149
2006-10-16,0.529
2006-10-17,0.5139
2006-10-18,0.4971
2006-10-19,0.5296
2006-10-20,0.5062
2006-10-23,0.5012
2006-10-24,0.529
2006-10-25,0.5843
2006-10-26,0.539
2006-10-27,0.5541
2006-10-30,0.4608
2006-10-31,0.4696
2006-11-01,0.4756
2006-11-02,0.4573
2006-11-03,0.5065
2006-11-06,0.5241
2006-11-07,0.5164
2006-11-08,0.5585
2006-11-09,0.586
2006-11-10,0.5464
2006-11-13,0.5279
2006-11-14,0.5385
2006-11-15,0.5755
2006-11-16,0.5219
2006-11-17,0.5301
2006-11-20,0.5413
2006-11-21,0.6235
2006-11-22,0.5775
2006-11-24,0.5775
2006-11-27,0.5783
2006-11-28,0.6145
2006-11-29,0.6756
2006-11-30,0.678
2006-12-01,0.6793
2006-12-04,0.6403
2006-12-05,0.6211
2006-12-06,0.5985
2006-12-07,0.6004
2006-12-08,0.5943
2006-12-11,0.573
2006-12-12,0.5742
2006-12-13,0.5993
2006-12-14,0.6473
2006-12-15,0.6811
2006-12-18,0.6521
2006-12-19,0.6878
2006-12-20,0.6702
2006-12-21,0.6261
2006-12-22,0.6081
2006-12-26,0.5488
2006-12-27,0.5532
2006-12-28,0.5574
2006-12-29,0.5754
2007-01-02,0.5754
2007-01-03,0.508
2007-01-04,0.4461
2007-01-05,0.4522
2007-01-08,0.4276
2007-01-09,0.4287
2007-01-10,0.3883
2007-01-11,0.3496
2007-01-12,0.3911
2007-01-16,0.3284
2007-01-17,0.3377
2007-01-18,0.3144
2007-01-19,0.3571
2007-01-22,0.3345
2007-01-23,0.4064
2007-01-24,0.4207
2007-01-25,0.4032
2007-01-26,0.4425
2007-01-29,0.4015
2007-01-30,0.4783
2007-01-31,0.4799
2007-02-01,0.4528
2007-02-02,0.5004
2007-02-05,0.4874
2007-02-06,0.5
2007-02-07,0.469
2007-02-08,0.5208
2007-02-09,0.5423
2007-02-12,0.4802
2007-02-13,0.5366
2007-02-14,0.5437
2007-02-15,0.5247
2007-02-16,0.5728
2007-02-20,0.5766
2007-02-21,0.6322
2007-02-22,0.6823
2007-02-23,0.6906
2007-02-26,0.7062
2007-02-27,0.7216
2007-02-28,0.7463
2007-03-01,0.7826
2007-03-02,0.7743
2007-03-05,0.7172
2007-03-06,0.7258
2007-03-07,0.768
2007-03-08,0.7986
2007-03-09,0.7746
2007-03-12,0.783
2007-03-13,0.8043
2007-03-14,0.8008
2007-03-15,0.7541
2007-03-16,0.7796
2007-03-19,0.8306
2007-03-20,0.8146
2007-03-21,0.8074
2007-03-22,0.83
2007-03-23,0.8708
2007-03-26,0.9402
2007-03-27,0.9455
2007-03-28,0.9353
2007-03-29,0.998
2007-03-30,0.9821
2007-04-02,0.9669
2007-04-03,0.9418
2007-04-04,1.0295
2007-04-05,1.0529
2007-04-09,1.0187
2007-04-10,1.0471
2007-04-11,1.0828
2007-04-12,1.1159
2007-04-13,1.1038
2007-04-16,1.0398
2007-04-17,0.9799
2007-04-18,1.0074
2007-04-19,1.0129
2007-04-20,1.0615
2007-04-23,1.1148
2007-04-24,1.133
2007-04-25,1.2067
2007-04-26,1.1894
2007-04-27,1.2403
2007-04-30,1.2399
2007-05-01,1.2252
2007-05-02,1.2131
2007-05-03,1.2281
2007-05-04,1.1969
2007-05-07,1.1701
2007-05-08,1.185
2007-05-09,1.2114
2007-05-10,1.3066
2007-05-11,1.3326
2007-05-14,1.2817
2007-05-15,1.2821
2007-05-16,1.3175
2007-05-17,1.4171
2007-05-18,1.3882
2007-05-21,1.3818
2007-05-22,1.2868
2007-05-23,1.2909
2007-05-24,1.3374
2007-05-25,1.3842
2007-05-29,1.2671
2007-05-30,1.2727
2007-05-31,1.2769
2007-06-01,1.3183
2007-06-04,1.3117
2007-06-05,1.281
2007-06-06,1.2641
2007-06-07,1.2664
2007-06-08,1.2008
2007-06-11,1.225
2007-06-12,1.2087
2007-06-13,1.229
2007-06-14,1.2984
2007-06-15,1.3338
2007-06-18,1.338
2007-06-19,1.3083
2007-06-20,1.3018
2007-06-21,1.3204
2007-06-22,1.3603
2007-06-25,1.3762
2007-06-26,1.3206
2007-06-27,1.3291
2007-06-28,1.3358
2007-06-29,1.37
2007-07-02,1.3759
2007-07-03,1.3916
2007-07-05,1.4115
2007-07-06,1.4368
2007-07-09,1.4718
2007-07-10,1.4966
2007-07-11,1.4335
2007-07-12,1.3935
2007-07-13,1.352
2007-07-16,1.2534
2007-07-17,1.2279
2007-07-18,1.3225
2007-07-19,1.3186
2007-07-20,1.2918
2007-07-23,1.2313
2007-07-24,1.1749
2007-07-25,1.2151
2007-07-26,1.2031
2007-07-27,1.2319
2007-07-30,1.209
2007-07-31,1.2557
2007-08-01,1.1794
2007-08-02,1.186
2007-08-03,1.1788
2007-08-06,1.0757
2007-08-07,1.094
2007-08-08,1.0875
2007-08-09,1.0838
2007-08-10,1.1046
2007-08-13,1.0873
2007-08-14,1.1236
2007-08-15,1.1586
2007-08-16,1.1281
2007-08-17,1.1886
2007-08-20,1.0863
2007-08-21,1.0135
2007-08-22,1.0388
2007-08-23,1.073
2007-08-24,1.1312
2007-08-27,1.1891
2007-08-28,1.1652
2007-08-29,1.2235
2007-08-30,1.2095
2007-08-31,1.2143
2007-09-04,1.2408
2007-09-05,1.2463
2007-09-06,1.2215
2007-09-07,1.2362
2007-09-10,1.2284
2007-09-11,1.2309
2007-09-12,1.2658
2007-09-13,1.2962
2007-09-14,1.2862
2007-09-17,1.294
2007-09-18,1.3101
2007-09-19,1.3432
2007-09-20,1.3849
2007-09-21,1.3643
2007-09-24,1.3332
2007-09-25,1.2877
2007-09-26,1.2798
2007-09-27,1.3416
2007-09-28,1.3064
2007-10-01,1.2466
2007-10-02,1.2481
2007-10-03,1.2612
2007-10-04,1.3175
2007-10-05,1.3146
2007-10-08,1.2655
2007-10-09,1.2855
2007-10-10,1.2989
2007-10-11,1.3319
2007-10-12,1.3504
2007-10-15,1.4228
2007-10-16,1.439
2007-10-17,1.4119
2007-10-18,1.4504
2007-10-19,1.434
2007-10-22,1.3987
2007-10-23,1.3742
2007-10-24,1.4128
2007-10-25,1.5011
2007-10-26,1.5393
2007-10-29,1.5857
2007-10-30,1.5119
2007-10-31,1.5988
2007-11-01,1.605
2007-11-02,1.7013
2007-11-05,1.6429
2007-11-06,1.6968
2007-11-07,1.7024
2007-11-08,1.6994
2007-11-09,1.7178
2007-11-12,1.6783
2007-11-13,1.5785
2007-11-14,1.6322
2007-11-15,1.598
2007-11-16,1.6372
2007-11-19,1.6434
2007-11-20,1.7133
2007-11-21,1.6989
2007-11-23,1.7288
2007-11-26,1.7032
2007-11-27,1.6348
2007-11-28,1.5357
2007-11-29,1.529
2007-11-30,1.4939
2007-12-03,1.5134
2007-12-04,1.515
2007-12-05,1.4803
2007-12-06,1.5646
2007-12-07,1.5323
2007-12-10,1.5134
2007-12-11,1.5547
2007-12-12,1.6761
2007-12-13,1.6377
2007-12-14,1.605
2007-12-17,1.5987
2007-12-18,1.5676
2007-12-19,1.5952
2007-12-20,1.5909
2007-12-21,1.6428
2007-12-24,1.6473
2007-12-26,1.7159
2007-12-27,1.7574
2007-12-28,1.7164
2007-12-31,1.729
2008-01-02,1.8071
2008-01-03,1.7796
2008-01-04,1.7492
2008-01-07,1.668
2008-01-08,1.7121
2008-01-09,1.6737
2008-01-10,1.5983
2008-01-11,1.5585
2008-01-14,1.611
2008-01-15,1.5474
2008-01-16,1.5165
2008-01-17,1.505
2008-01-18,1.5416
2008-01-22,1.5188
2008-01-23,1.489
2008-01-24,1.521
2008-01-25,1.5564
2008-01-28,1.5635
2008-01-29,1.5717
2008-01-30,1.5772
2008-01-31,1.5574
2008-02-01,1.4836
2008-02-04,1.5119
2008-02-05,1.4649
2008-02-06,1.4401
2008-02-07,1.468
2008-02-08,1.5574
2008-02-11,1.5964
2008-02-12,1.5682
2008-02-13,1.5901
2008-02-14,1.6763
2008-02-15,1.694
2008-02-19,1.8033
2008-02-20,1.7854
2008-02-21,1.7222
2008-02-22,1.7339
2008-02-25,1.7421
2008-02-26,1.7507
2008-02-27,1.6853
2008-02-28,1.7091
2008-02-29,1.7073
2008-03-03,1.7094
2008-03-04,1.5665
2008-03-05,1.6795
2008-03-06,1.6906
2008-03-07,1.7317
2008-03-10,1.7523
2008-03-11,1.7635
2008-03-12,1.766
2008-03-13,1.7202
2008-03-14,1.7268
2008-03-17,1.5416
2008-03-18,1.6974
2008-03-19,1.5977
2008-03-20,1.6425
2008-03-24,1.6786
2008-03-25,1.7176
2008-03-26,1.7803
2008-03-27,1.7607
2008-03-28,1.7589
2008-03-31,1.6725
2008-04-01,1.6846
2008-04-02,1.819
2008-04-03,1.7697
2008-04-04,1.8021
2008-04-07,1.8289
2008-04-08,1.7958
2008-04-09,1.8196
2008-04-10,1.8375
2008-04-11,1.8527
2008-04-14,1.8672
2008-04-15,1.9264
2008-04-16,1.9844
2008-04-17,2.0032
2008-04-18,2.0347
2008-04-21,2.0245
2008-04-22,2.0618
2008-04-23,2.0961
2008-04-24,2.064
2008-04-25,2.0991
2008-04-28,2.0741
2008-04-29,1.9851
2008-04-30,1.9587
2008-05-01,1.9306
2008-05-02,2.0188
2008-05-05,2.1053
2008-05-06,2.1579
2008-05-07,2.1706
2008-05-08,2.1902
2008-05-09,2.2536
2008-05-12,2.2166
2008-05-13,2.2524
2008-05-14,2.2328
2008-05-15,2.2182
2008-05-16,2.2759
2008-05-19,2.289
2008-05-20,2.3568
2008-05-21,2.4489
2008-05-22,2.3821
2008-05-23,2.4484
2008-05-27,2.4354
2008-05-28,2.4925
2008-05-29,2.4356
2008-05-30,2.4566
2008-06-02,2.4991
2008-06-03,2.4609
2008-06-04,2.3035
2008-06-05,2.4429
2008-06-06,2.6564
2008-06-09,2.5024
2008-06-10,2.4277
2008-06-11,2.5742
2008-06-12,2.6344
2008-06-13,2.571
2008-06-16,2.5463
2008-06-17,2.5263
2008-06-18,2.5751
2008-06-19,2.461
2008-06-20,2.5476
2008-06-23,2.5635
2008-06-24,2.5719
2008-06-25,2.5025
2008-06-26,2.6199
2008-06-27,2.6128
2008-06-30,2.5947
2008-07-01,2.609
2008-07-02,2.645
2008-07-03,2.6666
2008-07-04,2.6666
2008-07-07,2.5783
2008-07-08,2.4587
2008-07-09,2.4764
2008-07-10,2.6065
2008-07-11,2.6588
2008-07-14,2.6533
2008-07-15,2.4804
2008-07-16,2.375
2008-07-17,2.2589
2008-07-18,2.2665
2008-07-21,2.3127
2008-07-22,2.2426
2008-07-23,2.13
2008-07-24,2.155
2008-07-25,2.1279
2008-07-28,2.1656
2008-07-29,2.1048
2008-07-30,2.2315
2008-07-31,2.1625
2008-08-01,2.1759
2008-08-04,2.0918
2008-08-05,2.048
2008-08-06,2.0409
2008-08-07,2.0943
2008-08-08,1.979
2008-08-11,1.9582
2008-08-12,1.9348
2008-08-13,2.0239
2008-08-14,2.0036
2008-08-15,1.9518
2008-08-18,1.9068
2008-08-19,1.9555
2008-08-20,2.0019
2008-08-21,2.1368
2008-08-22,1.9602
2008-08-25,1.9739
2008-08-26,2.0613
2008-08-27,2.1188
2008-08-28,2.066
2008-08-29,2.0558
2008-09-02,1.9353
2008-09-03,1.9684
2008-09-04,1.942
2008-09-05,1.8877
2008-09-08,1.9519
2008-09-09,1.8542
2008-09-10,1.8632
2008-09-11,1.9504
2008-09-12,1.9712
2008-09-15,1.763
2008-09-16,1.6024
2008-09-17,1.6646
2008-09-18,1.684
2008-09-19,1.8013
2008-09-22,1.9054
2008-09-23,1.7966
2008-09-24,1.7963
2008-09-25,1.8989
2008-09-26,1.8665
2008-09-29,1.6129
2008-09-30,1.7091
2008-10-01,1.6114
2008-10-02,1.5064
2008-10-03,1.4797
2008-10-06,1.3105
2008-10-07,1.3142
2008-10-08,1.2812
2008-10-09,1.2787
2008-10-10,1.0584
2008-10-13,1.169
2008-10-14,1.1362
2008-10-15,1.0336
2008-10-16,0.8734
2008-10-17,0.9175
2008-10-20,0.9715
2008-10-21,0.9433
2008-10-22,0.8223
2008-10-23,0.8292
2008-10-24,0.7293
2008-10-27,0.7283
2008-10-28,0.7069
2008-10-29,0.8034
2008-10-30,0.7444
2008-10-31,0.7933
2008-11-03,0.6599
2008-11-04,0.8301
2008-11-05,0.7218
2008-11-06,0.6334
2008-11-07,0.6469
2008-11-10,0.6653
2008-11-11,0.6033
2008-11-12,0.5455
2008-11-13,0.5998
2008-11-14,0.5365
2008-11-17,0.472
2008-11-18,0.4342
2008-11-19,0.4044
2008-11-20,0.3044
2008-11-21,0.3617
2008-11-24,0.4399
2008-11-25,0.3883
2008-11-26,0.4712
2008-11-28,0.48
2008-12-01,0.3816
2008-12-02,0.3287
2008-12-03,0.3119
2008-12-04,0.2399
2008-12-05,0.1716
2008-12-08,0.2322
2008-12-09,0.2068
2008-12-10,0.2391
2008-12-11,0.349
2008-12-12,0.3481
2008-12-15,0.3073
2008-12-16,0.3104
2008-12-17,0.2759
2008-12-18,0.2333
2008-12-19,0.2397
2008-12-22,0.1566
2008-12-23,0.1264
2008-12-24,0.0631
2008-12-26,0.1144
2008-12-29,0.1499
2008-12-30,0.1642
2008-12-31,0.2934
2009-01-02,0.3419
2009-01-05,0.4138
2009-01-06,0.4206
2009-01-07,0.3078
2009-01-08,0.3196
2009-01-09,0.3426
2009-01-12,0.3155
2009-01-13,0.3803
2009-01-14,0.3991
2009-01-15,0.4056
2009-01-16,0.3986
2009-01-20,0.3745
2009-01-21,0.4052
2009-01-22,0.3248
2009-01-23,0.3858
2009-01-26,0.3845
2009-01-27,0.3399
2009-01-28,0.4075
2009-01-29,0.4453
2009-01-30,0.4706
2009-02-02,0.3511
2009-02-03,0.3689
2009-02-04,0.4203
2009-02-05,0.4767
2009-02-06,0.4526
2009-02-09,0.449
2009-02-10,0.4458
2009-02-11,0.4717
2009-02-12,0.4602
2009-02-13,0.4082
2009-02-17,0.3137
2009-02-18,0.2671
2009-02-19,0.3005
2009-02-20,0.2765
2009-02-23,0.2452
2009-02-24,0.2856
2009-02-25,0.3596
2009-02-26,0.4834
2009-02-27,0.4664
2009-03-02,0.3801
2009-03-03,0.4133
2009-03-04,0.4755
2009-03-05,0.4066
2009-03-06,0.4261
2009-03-09,0.429
2009-03-10,0.3911
2009-03-11,0.3451
2009-03-12,0.4396
2009-03-13,0.4468
2009-03-16,0.4612
2009-03-17,0.5177
2009-03-18,0.4596
2009-03-19,0.5312
2009-03-20,0.5509
2009-03-23,0.582
2009-03-24,0.5965
2009-03-25,0.5889
2009-03-26,0.625
2009-03-27,0.5807
2009-03-30,0.4718
2009-03-31,0.4993
2009-04-01,0.4497
2009-04-02,0.5478
2009-04-03,0.5704
2009-04-06,0.5535
2009-04-07,0.5384
2009-04-08,0.5176
2009-04-09,0.559
2009-04-13,0.5412
2009-04-14,0.5356
2009-04-15,0.5248
2009-04-16,0.5523
2009-04-17,0.5707
2009-04-20,0.4899
2009-04-21,0.4924
2009-04-22,0.4686
2009-04-23,0.4724
2009-04-24,0.52
2009-04-27,0.4812
2009-04-28,0.4724
2009-04-29,0.5192
2009-04-30,0.5387
2009-05-01,0.5903
2009-05-04,0.6589
2009-05-05,0.6451
2009-05-06,0.7009
2009-05-07,0.7384
2009-05-08,0.7784
2009-05-11,0.7531
2009-05-12,0.7408
2009-05-13,0.7617
2009-05-14,0.7966
2009-05-15,0.7535
2009-05-18,0.831
2009-05-19,0.8854
2009-05-20,0.8824
2009-05-21,0.8726
2009-05-22,0.9137
2009-05-26,0.9253
2009-05-27,0.9585
2009-05-28,0.9776
2009-05-29,0.9988
2009-06-01,1.0278
2009-06-02,1.0287
2009-06-03,1.0051
2009-06-04,1.0656
2009-06-05,1.0581
2009-06-08,1.0395
2009-06-09,1.0702
2009-06-10,1.1188
2009-06-11,1.1684
2009-06-12,1.1466
2009-06-15,1.1565
2009-06-16,1.1746
2009-06-17,1.1361
2009-06-18,1.133
2009-06-19,1.0279
2009-06-22,0.9632
2009-06-23,0.9967
2009-06-24,0.946
2009-06-25,1.0018
2009-06-26,0.9721
2009-06-29,1.0356
2009-06-30,1.0022
2009-07-01,0.9592
2009-07-02,0.891
2009-07-03,0.891
2009-07-06,0.8406
2009-07-07,0.833
2009-07-08,0.7335
2009-07-09,0.764
2009-07-10,0.7507
2009-07-13,0.7396
2009-07-14,0.7468
2009-07-15,0.8083
2009-07-16,0.8137
2009-07-17,0.8701
2009-07-20,0.8896
2009-07-21,0.9122
2009-07-22,0.9385
2009-07-23,1.0134
2009-07-24,1.0161
2009-07-27,1.0349
2009-07-28,1.0108
2009-07-29,0.9517
2009-07-30,1.083
2009-07-31,1.1442
2009-08-03,1.2009
2009-08-04,1.1883
2009-08-05,1.1828
2009-08-06,1.1923
2009-08-07,1.1397
2009-08-10,1.159
2009-08-11,1.1738
2009-08-12,1.1569
2009-08-13,1.1508
2009-08-14,1.0696
2009-08-17,1.0831
2009-08-18,1.1318
2009-08-19,1.1662
2009-08-20,1.1138
2009-08-21,1.1272
2009-08-24,1.1807
2009-08-25,1.1386
2009-08-26,1.1142
2009-08-27,1.1558
2009-08-28,1.1673
2009-08-31,1.0773
2009-09-01,1.0496
2009-09-02,1.076
2009-09-03,1.0602
2009-09-04,1.0437
2009-09-08,1.0963
2009-09-09,1.0955
2009-09-10,1.071
2009-09-11,1.0272
2009-09-14,1.0107
2009-09-15,1.0566
2009-09-16,1.1157
2009-09-17,1.1186
2009-09-18,1.0998
2009-09-21,1.0188
2009-09-22,1.049
2009-09-23,0.9723
2009-09-24,0.904
2009-09-25,0.8879
2009-09-28,0.9025
2009-09-29,0.8932
2009-09-30,1.0035
2009-10-01,1.0098
2009-10-02,0.9928
2009-10-05,1.0058
2009-10-06,1.0246
2009-10-07,0.9722
2009-10-08,1.0316
2009-10-09,1.0199
2009-10-12,1.0509
2009-10-13,1.0837
2009-10-14,1.1094
2009-10-15,1.1968
2009-10-16,1.2312
2009-10-19,1.2391
2009-10-20,1.2396
2009-10-21,1.3062
2009-10-22,1.2961
2009-10-23,1.2957
2009-10-26,1.2857
2009-10-27,1.3224
2009-10-28,1.237
2009-10-29,1.28
2009-10-30,1.2147
2009-11-02,1.2455
2009-11-03,1.2556
2009-11-04,1.2679
2009-11-05,1.2429
2009-11-06,1.1795
2009-11-09,1.237
2009-11-10,1.2326
2009-11-11,1.2479
2009-11-12,1.1957
2009-11-13,1.1714
2009-11-16,1.242
2009-11-17,1.2601
2009-11-18,1.2666
2009-11-19,1.2247
2009-11-20,1.2358
2009-11-23,1.2346
2009-11-24,1.1942
2009-11-25,1.2557
2009-11-27,1.1892
2009-11-30,1.2459
2009-12-01,1.2767
2009-12-02,1.2272
2009-12-03,1.2274
2009-12-04,1.2094
2009-12-07,1.175
2009-12-08,1.159
2009-12-09,1.0917
2009-12-10,1.0695
2009-12-11,1.076
2009-12-14,1.0611
2009-12-15,1.0795
2009-12-16,1.1083
2009-12-17,1.0864
2009-12-18,1.1292
2009-12-21,1.1035
2009-12-22,1.1232
2009-12-23,1.201
2009-12-24,1.224
2009-12-28,1.2528
2009-12-29,1.2447
2009-12-30,1.2723
2009-12-31,1.2686
2010-01-04,1.3201
2010-01-05,1.3407
2010-01-06,1.3523
2010-01-07,1.3506
2010-01-08,1.371
2010-01-11,1.3584
2010-01-12,1.3135
2010-01-13,1.2759
2010-01-14,1.2895
2010-01-15,1.2611
2010-01-19,1.2748
2010-01-20,1.2622
2010-01-21,1.1986
2010-01-22,1.1814
2010-01-25,1.2165
2010-01-26,1.1831
2010-01-27,1.1538
2010-01-28,1.1338
2010-01-29,1.1198
2010-02-01,1.1385
2010-02-02,1.2243
2010-02-03,1.2426
2010-02-04,1.1572
2010-02-05,1.0928
2010-02-08,1.1004
2010-02-09,1.1354
2010-02-10,1.1354
2010-02-11,1.1421
2010-02-12,1.1359
2010-02-16,1.1946
2010-02-17,1.2135
2010-02-18,1.2756
2010-02-19,1.2921
2010-02-22,1.3222
2010-02-23,1.272
2010-02-24,1.3104
2010-02-25,1.2514
2010-02-26,1.2916
2010-03-01,1.2593
2010-03-02,1.3003
2010-03-03,1.3513
2010-03-04,1.3374
2010-03-05,1.3747
2010-03-08,1.3929
2010-03-09,1.364
2010-03-10,1.3888
2010-03-11,1.3757
2010-03-12,1.3587
2010-03-15,1.3265
2010-03-16,1.3787
2010-03-17,1.4134
2010-03-18,1.4046
2010-03-19,1.3593
2010-03-22,1.3599
2010-03-23,1.3665
2010-03-24,1.3249
2010-03-25,1.3214
2010-03-26,1.3111
2010-03-29,1.3653
2010-03-30,1.3747
2010-03-31,1.4098
2010-04-01,1.4263
2010-04-05,1.4528
2010-04-06,1.4509
2010-04-07,1.4173
2010-04-08,1.4009
2010-04-09,1.3919
2010-04-12,1.3984
2010-04-13,1.4119
2010-04-14,1.4353
2010-04-15,1.4288
2010-04-16,1.3796
2010-04-19,1.357
2010-04-20,1.3835
2010-04-21,1.3853
2010-04-22,1.4028
2010-04-23,1.4557
2010-04-26,1.4435
2010-04-27,1.4294
2010-04-28,1.434
2010-04-29,1.4578
2010-04-30,1.5004
2010-05-03,1.5361
2010-05-04,1.4232
2010-05-05,1.3214
2010-05-06,1.2573
2010-05-07,1.2261
2010-05-10,1.2736
2010-05-11,1.2962
2010-05-12,1.3114
2010-05-13,1.2961
2010-05-14,1.2318
2010-05-17,1.1441
2010-05-18,1.1441
2010-05-19,1.1162
2010-05-20,1.0655
2010-05-21,1.0622
2010-05-24,1.0718
2010-05-25,1.0318
2010-05-26,1.0773
2010-05-27,1.1479
2010-05-28,1.1391
2010-06-01,1.095
2010-06-02,1.1386
2010-06-03,1.1937
2010-06-04,1.1078
2010-06-07,1.1074
2010-06-08,1.1016
2010-06-09,1.1522
2010-06-10,1.183
2010-06-11,1.1622
2010-06-14,1.1889
2010-06-15,1.234
2010-06-16,1.2577
2010-06-17,1.2765
2010-06-18,1.2601
2010-06-21,1.2553
2010-06-22,1.246
2010-06-23,1.1948
2010-06-24,1.206
2010-06-25,1.2803
2010-06-28,1.2517
2010-06-29,1.1866
2010-06-30,1.1819
2010-07-01,1.1191
2010-07-02,1.0992
2010-07-06,1.0928
2010-07-07,1.1468
2010-07-08,1.1726
2010-07-09,1.1915
2010-07-12,1.1495
2010-07-13,1.2036
2010-07-14,1.188
2010-07-15,1.1822
2010-07-16,1.1701
2010-07-19,1.1805
2010-07-20,1.2001
2010-07-21,1.1893
2010-07-22,1.2681
2010-07-23,1.2437
2010-07-26,1.2273
2010-07-27,1.1847
2010-07-28,1.1853
2010-07-29,1.2216
2010-07-30,1.243
2010-08-02,1.2891
2010-08-03,1.3141
2010-08-04,1.2956
2010-08-05,1.285
2010-08-06,1.2333
2010-08-09,1.2393
2010-08-10,1.2059
2010-08-11,1.1182
2010-08-12,1.0754
2010-08-13,1.0602
2010-08-16,1.0449
2010-08-17,1.0738
2010-08-18,1.0818
2010-08-19,1.0493
2010-08-20,1.0457
2010-08-23,1.0016
2010-08-24,0.97
2010-08-25,0.9845
2010-08-26,1.0291
2010-08-27,1.0753
2010-08-30,1.0683
2010-08-31,1.0179
2010-09-01,1.0496
2010-09-02,1.0821
2010-09-03,1.08
2010-09-07,1.0934
2010-09-08,1.0999
2010-09-09,1.0959
2010-09-10,1.1336
2010-09-13,1.1411
2010-09-14,1.1295
2010-09-15,1.123
2010-09-16,1.0852
2010-09-17,1.0797
2010-09-20,1.1101
2010-09-21,1.0801
2010-09-22,1.0619
2010-09-23,1.0779
2010-09-24,1.1076
2010-09-27,1.1093
2010-09-28,1.1072
2010-09-29,1.1531
2010-09-30,1.2063
2010-10-01,1.2563
2010-10-04,1.2635
2010-10-05,1.2957
2010-10-06,1.3261
2010-10-07,1.2882
2010-10-08,1.3214
2010-10-11,1.3357
2010-10-12,1.2941
2010-10-13,1.3363
2010-10-14,1.3067
2010-10-15,1.274
2010-10-18,1.3217
2010-10-19,1.2185
2010-10-20,1.2528
2010-10-21,1.2112
2010-10-22,1.234
2010-10-25,1.2475
2010-10-26,1.2642
2010-10-27,1.2624
2010-10-28,1.2698
2010-10-29,1.2464
2010-11-01,1.2799
2010-11-02,1.2966
2010-11-03,1.325
2010-11-04,1.3641
2010-11-05,1.367
2010-11-08,1.3655
2010-11-09,1.372
2010-11-10,1.4232
2010-11-11,1.4227
2010-11-12,1.3969
2010-11-15,1.382
2010-11-16,1.3427
2010-11-17,1.3449
2010-11-18,1.4153
2010-11-19,1.383
2010-11-22,1.3389
2010-11-23,1.3212
2010-11-24,1.4006
2010-11-26,1.3972
2010-11-29,1.4632
2010-11-30,1.4256
2010-12-01,1.5392
2010-12-02,1.5941
2010-12-03,1.5909
2010-12-06,1.5805
2010-12-07,1.5618
2010-12-08,1.5434
2010-12-09,1.5793
2010-12-10,1.5481
2010-12-13,1.5572
2010-12-14,1.5352
2010-12-15,1.548
2010-12-16,1.5431
2010-12-17,1.5566
2010-12-20,1.6166
2010-12-21,1.6373
2010-12-22,1.6633
2010-12-23,1.6814
2010-12-27,1.6597
2010-12-28,1.6444
2010-12-29,1.6351
2010-12-30,1.6314
2010-12-31,1.6769
2011-01-03,1.6739
2011-01-04,1.6606
2011-01-05,1.6917
2011-01-06,1.6896
2011-01-07,1.6597
2011-01-10,1.7009
2011-01-11,1.725
2011-01-12,1.7097
2011-01-13,1.6925
2011-01-14,1.7412
2011-01-18,1.7258
2011-01-19,1.7282
2011-01-20,1.6691
2011-01-21,1.7055
2011-01-24,1.6598
2011-01-25,1.5893
2011-01-26,1.6772
2011-01-27,1.6338
2011-01-28,1.7065
2011-01-31,1.7207
2011-02-01,1.74
2011-02-02,1.7191
2011-02-03,1.724
2011-02-04,1.6559
2011-02-07,1.6711
2011-02-08,1.7148
2011-02-09,1.7466
2011-02-10,1.6904
2011-02-11,1.6858
2011-02-14,1.738
2011-02-15,1.7094
2011-02-16,1.7653
2011-02-17,1.7483
2011-02-18,1.7719
2011-02-22,1.8227
2011-02-23,1.9355
2011-02-24,1.9427
2011-02-25,1.9764
2011-02-28,1.9605
2011-03-01,2.0512
2011-03-02,2.0973
2011-03-03,2.094
2011-03-04,2.1142
2011-03-07,2.0717
2011-03-08,2.0145
2011-03-09,2.095
2011-03-10,2.0874
2011-03-11,2.0555
2011-03-14,2.0281
2011-03-15,1.8707
2011-03-16,1.9115
2011-03-17,2.0184
2011-03-18,2.0172
2011-03-21,2.0652
2011-03-22,2.0723
2011-03-23,2.0891
2011-03-24,2.1126
2011-03-25,2.1123
2011-03-28,2.0952
2011-03-29,2.1112
2011-03-30,2.1249
2011-03-31,2.1753
2011-04-01,2.2189
2011-04-04,2.2364
2011-04-05,2.2689
2011-04-06,2.2605
2011-04-07,2.2541
2011-04-08,2.3283
2011-04-11,2.2681
2011-04-12,2.2317
2011-04-13,2.31
2011-04-14,2.3023
2011-04-15,2.3568
2011-04-18,2.3204
2011-04-19,2.3007
2011-04-20,2.3449
2011-04-21,2.3762
2011-04-25,2.3905
2011-04-26,2.4248
2011-04-27,2.4758
2011-04-28,2.4872
2011-04-29,2.516
2011-05-02,2.4655
2011-05-03,2.447
2011-05-04,2.4401
2011-05-05,2.213
2011-05-06,2.2077
2011-05-09,2.396
2011-05-10,2.4973
2011-05-11,2.2404
2011-05-12,2.1815
2011-05-13,2.192
2011-05-16,2.0487
2011-05-17,2.0369
2011-05-18,2.0731
2011-05-19,2.0436
2011-05-20,2.0534
2011-05-23,2.0557
2011-05-24,2.1104
2011-05-25,2.1338
2011-05-26,2.1545
2011-05-27,2.1784
2011-05-31,2.1974
2011-06-01,2.1244
2011-06-02,2.1148
2011-06-03,2.1402
2011-06-06,2.097
2011-06-07,2.139
2011-06-08,2.1258
2011-06-09,2.1869
2011-06-10,2.1648
2011-06-13,2.1439
2011-06-14,2.2117
2011-06-15,2.0706
2011-06-16,2.0965
2011-06-17,2.0931
2011-06-20,2.0586
2011-06-21,2.0297
2011-06-22,2.1204
2011-06-23,1.9847
2011-06-24,1.9237
2011-06-27,1.9546
2011-06-28,2.0258
2011-06-29,2.1451
2011-06-30,2.1794
2011-07-01,2.1828
2011-07-05,2.1876
2011-07-06,2.2078
2011-07-07,2.3372
2011-07-08,2.3028
2011-07-11,2.2807
2011-07-12,2.3084
2011-07-13,2.3618
2011-07-14,2.335
2011-07-15,2.3395
2011-07-18,2.3076
2011-07-19,2.3251
2011-07-20,2.3572
2011-07-21,2.3097
2011-07-22,2.3403
2011-07-25,2.3366
2011-07-26,2.3638
2011-07-27,2.3484
2011-07-28,2.3291
2011-07-29,2.3232
2011-08-01,2.3193
2011-08-02,2.3026
2011-08-03,2.1966
2011-08-04,2.0025
2011-08-05,2.0705
2011-08-08,1.9569
2011-08-09,1.9329
2011-08-10,2.0478
2011-08-11,2.0926
2011-08-12,2.0875
2011-08-15,2.1398
2011-08-16,2.1191
2011-08-17,2.1356
2011-08-18,2.0485
2011-08-19,2.1065
2011-08-22,2.1004
2011-08-23,2.1419
2011-08-24,2.1437
2011-08-25,2.2332
2011-08-26,2.1999
2011-08-29,2.1834
2011-08-30,2.2554
2011-08-31,2.2902
2011-09-01,2.3066
2011-09-02,2.2535
2011-09-06,2.2365
2011-09-07,2.3219
2011-09-08,2.2991
2011-09-09,2.1849
2011-09-12,2.1521
2011-09-13,2.1563
2011-09-14,2.1397
2011-09-15,2.1967
2011-09-16,2.198
2011-09-19,2.1104
2011-09-20,2.1153
2011-09-21,2.0804
2011-09-22,1.9739
2011-09-23,1.9686
2011-09-26,1.9833
2011-09-27,2.1094
2011-09-28,2.0487
2011-09-29,2.032
2011-09-30,2.0115
2011-10-03,1.9844
2011-10-04,1.9618
2011-10-05,2.0426
2011-10-06,2.1594
2011-10-07,2.121
2011-10-10,2.1687
2011-10-11,2.221
2011-10-12,2.2221
2011-10-13,2.2309
2011-10-14,2.2981
2011-10-17,2.2163
2011-10-18,2.2203
2011-10-19,2.1449
2011-10-20,2.1489
2011-10-21,2.158
2011-10-24,2.1622
2011-10-25,2.1732
2011-10-26,2.125
2011-10-27,2.2069
2011-10-28,2.1458
2011-10-31,2.1054
2011-11-01,2.1241
2011-11-02,2.1269
2011-11-03,2.1415
2011-11-04,2.1631
2011-11-07,2.2279
2011-11-08,2.2061
2011-11-09,2.1439
2011-11-10,2.1365
2011-11-11,2.1035
2011-11-14,2.035
2011-11-15,2.0854
2011-11-16,2.127
2011-11-17,2.0068
2011-11-18,1.9781
2011-11-21,1.9887
2011-11-22,2.0615
2011-11-23,2.0174
2011-11-25,1.9486
2011-11-28,2.0121
2011-11-29,2.0342
2011-11-30,2.0528
2011-12-01,2.0523
2011-12-02,2.1106
2011-12-05,2.1081
2011-12-06,2.1398
2011-12-07,2.0813
2011-12-08,2.061
2011-12-09,2.0905
2011-12-12,2.058
2011-12-13,2.1198
2011-12-14,1.9981
2011-12-15,1.9821
2011-12-16,1.9814
2011-12-19,1.9835
2011-12-20,2.0731
2011-12-21,2.1143
2011-12-22,2.1342
2011-12-23,2.1816
2011-12-27,2.1832
2011-12-28,2.1478
2011-12-29,2.1716
2011-12-30,2.1596
2012-01-03,2.2508
2012-01-04,2.2874
2012-01-05,2.2387
2012-01-06,2.2538
2012-01-09,2.2612
2012-01-10,2.275
2012-01-11,2.2655
2012-01-12,2.2335
2012-01-13,2.2364
2012-01-17,2.2735
2012-01-18,2.3276
2012-01-19,2.318
2012-01-20,2.2866
2012-01-23,2.2801
2012-01-24,2.3072
2012-01-25,2.336
2012-01-26,2.3488
2012-01-27,2.4214
2012-01-30,2.3707
2012-01-31,2.3889
2012-02-01,2.3902
2012-02-02,2.3669
2012-02-03,2.4124
2012-02-06,2.4259
2012-02-07,2.4255
2012-02-08,2.4732
2012-02-09,2.5108
2012-02-10,2.4729
2012-02-13,2.5105
2012-02-14,2.4805
2012-02-15,2.5047
2012-02-16,2.5451
2012-02-17,2.5136
2012-02-21,2.5682
2012-02-22,2.5857
2012-02-23,2.6116
2012-02-24,2.6508
2012-02-27,2.6288
2012-02-28,2.5508
2012-02-29,2.5833
2012-03-01,2.6778
2012-03-02,2.5982
2012-03-05,2.5841
2012-03-06,2.556
2012-03-07,2.6135
2012-03-08,2.6401
2012-03-09,2.6585
2012-03-12,2.6491
2012-03-13,2.6807
2012-03-14,2.6731
2012-03-15,2.6146
2012-03-16,2.683
2012-03-19,2.6939
2012-03-20,2.6892
2012-03-21,2.6832
2012-03-22,2.6657
2012-03-23,2.7113
2012-03-26,2.7427
2012-03-27,2.7317
2012-03-28,2.7074
2012-03-29,2.685
2012-03-30,2.6534
2012-04-02,2.7275
2012-04-03,2.7407
2012-04-04,2.6789
2012-04-05,2.6858
2012-04-09,2.642
2012-04-10,2.5949
2012-04-11,2.6408
2012-04-12,2.702
2012-04-13,2.6914
2012-04-16,2.6123
2012-04-17,2.5793
2012-04-18,2.548
2012-04-19,2.4994
2012-04-20,2.488
2012-04-23,2.5326
2012-04-24,2.5046
2012-04-25,2.501
2012-04-26,2.5147
2012-04-27,2.5264
2012-04-30,2.5065
2012-05-01,2.479
2012-05-02,2.4576
2012-05-03,2.4319
2012-05-04,2.3577
2012-05-07,2.356
2012-05-08,2.3763
2012-05-09,2.406
2012-05-10,2.3921
2012-05-11,2.3827
2012-05-14,2.3409
2012-05-15,2.326
2012-05-16,2.3028
2012-05-17,2.2601
2012-05-18,2.2714
2012-05-21,2.322
2012-05-22,2.3189
2012-05-23,2.2542
2012-05-24,2.2584
2012-05-25,2.2748
2012-05-29,2.2766
2012-05-30,2.217
2012-05-31,2.1658
2012-06-01,2.0999
2012-06-04,2.1138
2012-06-05,2.1278
2012-06-06,2.1334
2012-06-07,2.1281
2012-06-08,2.1283
2012-06-11,2.0997
2012-06-12,2.0933
2012-06-13,2.0985
2012-06-14,2.1195
2012-06-15,2.1448
2012-06-18,2.104
2012-06-19,2.0846
2012-06-20,2.0333
2012-06-21,1.9932
2012-06-22,2.013
2012-06-25,2.0889
2012-06-26,2.0882
2012-06-27,2.0642
2012-06-28,2.0426
2012-06-29,2.1971
2012-07-02,2.1892
2012-07-03,2.2882
2012-07-05,2.3301
2012-07-06,2.2813
2012-07-09,2.3247
2012-07-10,2.3122
2012-07-11,2.3342
2012-07-12,2.3715
2012-07-13,2.3814
2012-07-16,2.42
2012-07-17,2.4103
2012-07-18,2.4487
2012-07-19,2.5042
2012-07-20,2.5083
2012-07-23,2.4482
2012-07-24,2.3901
2012-07-25,2.3582
2012-07-26,2.3791
2012-07-27,2.4388
2012-07-30,2.4605
2012-07-31,2.4164
2012-08-01,2.4763
2012-08-02,2.5117
2012-08-03,2.5731
2012-08-06,2.5643
2012-08-07,2.6334
2012-08-08,2.6225
2012-08-09,2.6429
2012-08-10,2.646
2012-08-13,2.6328
2012-08-14,2.6435
2012-08-15,2.7261
2012-08-16,2.7253
2012-08-17,2.6696
2012-08-20,2.6729
2012-08-21,2.7073
2012-08-22,2.7463
2012-08-23,2.7579
2012-08-24,2.7201
2012-08-27,2.7969
2012-08-28,2.7682
2012-08-29,2.7517
2012-08-30,2.7429
2012-08-31,2.8077
2012-09-04,2.7871
2012-09-05,2.7847
2012-09-06,2.8259
2012-09-07,2.8545
2012-09-10,2.8589
2012-09-11,2.8784
2012-09-12,2.8365
2012-09-13,2.7971
2012-09-14,2.8505
2012-09-17,2.7782
2012-09-18,2.7339
2012-09-19,2.6635
2012-09-20,2.7389
2012-09-21,2.7774
2012-09-24,2.7525
2012-09-25,2.802
2012-09-26,2.8534
2012-09-27,2.8768
2012-09-28,2.8997
2012-10-01,2.8997
2012-10-02,2.8488
2012-10-03,2.7791
2012-10-04,2.9225
2012-10-05,2.9321
2012-10-08,2.8727
2012-10-09,2.9383
2012-10-10,2.9389
2012-10-11,2.9352
2012-10-12,2.8724
2012-10-15,2.8299
2012-10-16,2.8249
2012-10-17,2.7613
2012-10-18,2.7247
2012-10-19,2.6759
2012-10-22,2.6271
2012-10-23,2.5846
2012-10-24,2.5826
2012-10-25,2.656
2012-10-26,2.6787
2012-10-29,2.6781
2012-10-30,2.6525
2012-10-31,2.6673
2012-11-01,2.6706
2012-11-02,2.6106
2012-11-05,2.6572
2012-11-06,2.7359
2012-11-07,2.6259
2012-11-08,2.6443
2012-11-09,2.7362
2012-11-12,2.7133
2012-11-13,2.6908
2012-11-14,2.716
2012-11-15,2.7332
2012-11-16,2.7471
2012-11-19,2.7915
2012-11-20,2.7495
2012-11-21,2.7865
2012-11-23,2.7809
2012-11-26,2.7633
2012-11-27,2.7691
2012-11-28,2.7612
2012-11-29,2.8069
2012-11-30,2.8038
2012-12-03,2.8
2012-12-04,2.7625
2012-12-05,2.7113
2012-12-06,2.6704
2012-12-07,2.6709
2012-12-10,2.6716
2012-12-11,2.684
2012-12-12,2.72
2012-12-13,2.6756
2012-12-14,2.7356
2012-12-17,2.7281
2012-12-18,2.7644
2012-12-19,2.8166
2012-12-20,2.8278
2012-12-21,2.8082
2012-12-24,2.8241
2012-12-26,2.8893
2012-12-27,2.8901
2012-12-28,2.8593
2012-12-31,2.8625
2013-01-02,2.8959
2013-01-03,2.8985
2013-01-04,2.8651
2013-01-07,2.8782
2013-01-08,2.8952
2013-01-09,2.8797
2013-01-10,2.8941
2013-01-11,2.8403
2013-01-14,2.8549
2013-01-15,2.8074
2013-01-16,2.8222
2013-01-17,2.8692
2013-01-18,2.8976
2013-01-22,2.9307
2013-01-23,2.9346
2013-01-24,2.9637
2013-01-25,2.9762
2013-01-28,3.0356
2013-01-29,3.071
2013-01-30,3.1279
2013-01-31,3.1264
2013-02-01,3.1483
2013-02-04,3.1062
2013-02-05,3.1321
2013-02-06,3.1344
2013-02-07,3.0946
2013-02-08,3.1535
2013-02-11,3.1159
2013-02-12,3.145
2013-02-13,3.1301
2013-02-14,3.2113
2013-02-15,3.2292
2013-02-19,3.2159
2013-02-20,3.1542
2013-02-21,3.1312
2013-02-22,3.1743
2013-02-25,3.1558
2013-02-26,3.091
2013-02-27,2.9985
2013-02-28,3.0039
2013-03-01,3.0208
2013-03-04,2.9905
2013-03-05,3.0404
2013-03-06,3.0169
2013-03-07,3.0155
2013-03-08,3.0957
2013-03-11,3.0446
2013-03-12,3.0424
2013-03-13,3.0345
2013-03-14,3.0335
2013-03-15,3.056
2013-03-18,3.0211
2013-03-19,2.9373
2013-03-20,3.0085
2013-03-21,2.9628
2013-03-22,2.9547
2013-03-25,2.9548
2013-03-26,3.0031
2013-03-27,3.0124
2013-03-28,3.0112
2013-04-01,3.0021
2013-04-02,2.9414
2013-04-03,2.8146
2013-04-04,2.7993
2013-04-05,2.7642
2013-04-08,2.8099
2013-04-09,2.843
2013-04-10,2.7657
2013-04-11,2.7316
2013-04-12,2.7024
2013-04-15,2.6582
2013-04-16,2.6824
2013-04-17,2.6296
2013-04-18,2.6561
2013-04-19,2.673
2013-04-22,2.67
2013-04-23,2.6196
2013-04-24,2.648
2013-04-25,2.7124
2013-04-26,2.7291
2013-04-29,2.7238
2013-04-30,2.7038
2013-05-01,2.6211
2013-05-02,2.6824
2013-05-03,2.7272
2013-05-06,2.7675
2013-05-07,2.7352
2013-05-08,2.7556
2013-05-09,2.7869
2013-05-10,2.7621
2013-05-13,2.7228
2013-05-14,2.7394
2013-05-15,2.7688
2013-05-16,2.784
2013-05-17,2.8087
2013-05-20,2.8074
2013-05-21,2.7476
2013-05-22,2.7212
2013-05-23,2.7299
2013-05-24,2.7408
2013-05-28,2.7546
2013-05-29,2.7072
2013-05-30,2.7165
2013-05-31,2.6641
2013-06-03,2.6943
2013-06-04,2.7274
2013-06-05,2.7322
2013-06-06,2.7601
2013-06-07,2.7807
2013-06-10,2.7573
2013-06-11,2.7323
2013-06-12,2.7193
2013-06-13,2.7705
2013-06-14,2.8059
2013-06-17,2.7653
2013-06-18,2.7886
2013-06-19,2.8016
2013-06-20,2.6964
2013-06-21,2.6709
2013-06-24,2.6468
2013-06-25,2.6466
2013-06-26,2.6396
2013-06-27,2.6499
2013-06-28,2.6374
2013-07-01,2.6597
2013-07-02,2.7051
2013-07-03,2.76
2013-07-05,2.8186
2013-07-08,2.8055
2013-07-09,2.8478
2013-07-10,2.9367
2013-07-11,2.9432
2013-07-12,3.0393
2013-07-15,3.0247
2013-07-16,3.0561
2013-07-17,3.0319
2013-07-18,3.0316
2013-07-19,3.0452
2013-07-22,2.9769
2013-07-23,2.9809
2013-07-24,2.9766
2013-07-25,2.9388
2013-07-26,2.9662
2013-07-29,2.9409
2013-07-30,2.9379
2013-07-31,2.9592
2013-08-01,2.9913
2013-08-02,2.9576
2013-08-05,2.9135
2013-08-06,2.878
2013-08-07,2.834
2013-08-08,2.8205
2013-08-09,2.8711
2013-08-12,2.867
2013-08-13,2.9054
2013-08-14,2.9459
2013-08-15,2.9474
2013-08-16,2.9304
2013-08-19,2.8962
2013-08-20,2.8901
2013-08-21,2.9006
2013-08-22,2.9277
2013-08-23,2.9701
2013-08-26,2.9146
2013-08-27,2.997
2013-08-28,3.0459
2013-08-29,3.0149
2013-08-30,2.9744
2013-09-03,2.9489
2013-09-04,2.9486
2013-09-05,2.9203
2013-09-06,2.938
2013-09-09,2.8867
2013-09-10,2.82
2013-09-11,2.7965
2013-09-12,2.847
2013-09-13,2.8539
2013-09-16,2.8009
2013-09-17,2.7454
2013-09-18,2.8264
2013-09-19,2.7815
2013-09-20,2.7685
2013-09-23,2.7073
2013-09-24,2.7435
2013-09-25,2.7572
2013-09-26,2.789
2013-09-27,2.7605
2013-09-30,2.7285
2013-10-01,2.7109
2013-10-02,2.729
2013-10-03,2.7399
2013-10-04,2.7079
2013-10-07,2.7264
2013-10-08,2.7309
2013-10-09,2.7233
2013-10-10,2.7984
2013-10-11,2.7684
2013-10-14,2.7671
2013-10-15,2.7601
2013-10-16,2.8024
2013-10-17,2.7482
2013-10-18,2.7735
2013-10-21,2.7541
2013-10-22,2.717
2013-10-23,2.6526
2013-10-24,2.6899
2013-10-25,2.6874
2013-10-28,2.7312
2013-10-29,2.7126
2013-10-30,2.7425
2013-10-31,2.7079
2013-11-01,2.6663
2013-11-04,2.6491
2013-11-05,2.637
2013-11-06,2.6689
2013-11-07,2.624
2013-11-08,2.6743
2013-11-11,2.7174
2013-11-12,2.7073
2013-11-13,2.7489
2013-11-14,2.8046
2013-11-15,2.7786
2013-11-18,2.7777
2013-11-19,2.7604
2013-11-20,2.7839
2013-11-21,2.8647
2013-11-22,2.847
2013-11-25,2.8016
2013-11-26,2.8105
2013-11-27,2.8226
2013-11-29,2.7908
2013-12-02,2.8064
2013-12-03,2.8517
2013-12-04,2.8472
2013-12-05,2.8407
2013-12-06,2.8549
2013-12-09,2.8029
2013-12-10,2.8109
2013-12-11,2.7891
2013-12-12,2.7628
2013-12-13,2.7573
2013-12-16,2.7717
2013-12-17,2.7752
2013-12-18,2.8253
2013-12-19,2.8681
2013-12-20,2.9111
2013-12-23,2.9083
2013-12-24,2.9422
2013-12-26,2.948
2013-12-27,2.9426
2013-12-30,2.92
2013-12-31,2.919
2014-01-02,2.8281
2014-01-03,2.7819
2014-01-06,2.7791
2014-01-07,2.8117
2014-01-08,2.7894
2014-01-09,2.7757
2014-01-10,2.8022
2014-01-13,2.7672
2014-01-14,2.7555
2014-01-15,2.7595
2014-01-16,2.7282
2014-01-17,2.7535
2014-01-21,2.7537
2014-01-22,2.8102
2014-01-23,2.7949
2014-01-24,2.7963
2014-01-27,2.7548
2014-01-28,2.7609
2014-01-29,2.7919
2014-01-30,2.7976
2014-01-31,2.7547
2014-02-03,2.7302
2014-02-04,2.7264
2014-02-05,2.7646
2014-02-06,2.8063
2014-02-07,2.8722
2014-02-10,2.8481
2014-02-11,2.8759
2014-02-12,2.8864
2014-02-13,2.9005
2014-02-14,2.9286
2014-02-18,2.9556
2014-02-19,2.948
2014-02-20,2.9699
2014-02-21,2.9566
2014-02-24,2.9569
2014-02-25,2.9214
2014-02-26,2.9355
2014-02-27,2.9103
2014-02-28,2.9272
2014-03-03,2.9701
2014-03-04,2.9351
2014-03-05,2.8901
2014-03-06,2.8953
2014-03-07,2.9236
2014-03-10,2.8992
2014-03-11,2.9168
2014-03-12,2.9056
2014-03-13,2.8827
2014-03-14,2.9095
2014-03-17,2.8309
2014-03-18,2.8526
2014-03-19,2.8186
2014-03-20,2.8453
2014-03-21,2.8577
2014-03-24,2.8407
2014-03-25,2.8326
2014-03-26,2.8587
2014-03-27,2.8918
2014-03-28,2.8891
2014-03-31,2.8703
2014-04-01,2.8221
2014-04-02,2.8192
2014-04-03,2.8642
2014-04-04,2.8837
2014-04-07,2.8784
2014-04-08,2.9325
2014-04-09,2.9608
2014-04-10,2.9603
2014-04-11,2.9668
2014-04-14,2.9908
2014-04-15,2.9945
2014-04-16,2.9929
2014-04-17,3.0071
2014-04-21,3.0393
2014-04-22,3.0476
2014-04-23,3.0459
2014-04-24,3.0419
2014-04-25,3.0275
2014-04-28,2.9873
2014-04-29,3.0089
2014-04-30,2.9653
2014-05-01,2.9397
2014-05-02,2.9454
2014-05-05,2.9101
2014-05-06,2.8867
2014-05-07,2.9191
2014-05-08,2.9059
2014-05-09,2.8969
2014-05-12,2.9155
2014-05-13,2.9311
2014-05-14,2.9702
2014-05-15,2.9651
2014-05-16,2.9744
2014-05-19,2.9655
2014-05-20,2.9649
2014-05-21,2.9951
2014-05-22,3.0067
2014-05-23,3.0244
2014-05-27,2.9961
2014-05-28,3.0035
2014-05-29,3.0112
2014-05-30,2.9873
2014-06-02,2.9653
2014-06-03,2.9641
2014-06-04,2.9506
2014-06-05,2.9717
2014-06-06,2.9544
2014-06-09,3.0002
2014-06-10,2.9899
2014-06-11,3.0162
2014-06-12,3.0991
2014-06-13,3.0731
2014-06-16,3.0872
2014-06-17,3.1065
2014-06-18,3.1136
2014-06-19,3.1409
2014-06-20,3.1431
2014-06-23,3.123
2014-06-24,3.1412
2014-06-25,3.1081
2014-06-26,3.0988
2014-06-27,3.1118
2014-06-30,3.0809
2014-07-01,3.0742
2014-07-02,3.0616
2014-07-03,3.0574
2014-07-07,3.0266
2014-07-08,3.0105
2014-07-09,2.9753
2014-07-10,2.9952
2014-07-11,2.9461
2014-07-14,2.9627
2014-07-15,2.9362
2014-07-16,2.9201
2014-07-17,2.9193
2014-07-18,2.8979
2014-07-21,2.929
2014-07-22,2.9183
2014-07-23,2.8977
2014-07-24,2.8744
2014-07-25,2.9029
2014-07-28,2.8868
2014-07-29,2.9065
2014-07-30,2.8771
2014-07-31,2.8588
2014-08-01,2.8056
2014-08-04,2.7862
2014-08-05,2.7768
2014-08-06,2.801
2014-08-07,2.8336
2014-08-08,2.815
2014-08-11,2.8138
2014-08-12,2.7958
2014-08-13,2.8157
2014-08-14,2.7279
2014-08-15,2.7599
2014-08-18,2.7173
2014-08-19,2.7567
2014-08-20,2.7739
2014-08-21,2.8088
2014-08-22,2.7997
2014-08-25,2.811
2014-08-26,2.8244
2014-08-27,2.8148
2014-08-28,2.8151
2014-08-29,2.8472
2014-09-02,2.7673
2014-09-03,2.8443
2014-09-04,2.8242
2014-09-05,2.8077
2014-09-08,2.7862
2014-09-09,2.7727
2014-09-10,2.7508
2014-09-11,2.7484
2014-09-12,2.7431
2014-09-15,2.7551
2014-09-16,2.7831
2014-09-17,2.7935
2014-09-18,2.7853
2014-09-19,2.8357
2014-09-22,2.809
2014-09-23,2.853
2014-09-24,2.8881
2014-09-25,2.9423
2014-09-26,2.8906
2014-09-29,2.9167
2014-09-30,2.8398
2014-10-01,2.8522
2014-10-02,2.8116
2014-10-03,2.781
2014-10-06,2.8157
2014-10-07,2.7708
2014-10-08,2.7209
2014-10-09,2.6774
2014-10-10,2.66
2014-10-13,2.6578
2014-10-14,2.5827
2014-10-15,2.5512
2014-10-16,2.6134
2014-10-17,2.6352
2014-10-20,2.6027
2014-10-21,2.6159
2014-10-22,2.5581
2014-10-23,2.6094
2014-10-24,2.5842
2014-10-27,2.5727
2014-10-28,2.5986
2014-10-29,2.625
2014-10-30,2.6044
2014-10-31,2.5912
2014-11-03,2.561
2014-11-04,2.5214
2014-11-05,2.5301
2014-11-06,2.5735
2014-11-07,2.5786
2014-11-10,2.5445
2014-11-11,2.547
2014-11-12,2.5504
2014-11-13,2.445
2014-11-14,2.4859
2014-11-17,2.4697
2014-11-18,2.4866
2014-11-19,2.4872
2014-11-20,2.471
2014-11-21,2.4999
2014-11-24,2.4768
2014-11-25,2.4674
2014-11-26,2.467
2014-11-28,2.2827
2014-12-01,2.3361
2014-12-02,2.2667
2014-12-03,2.2621
2014-12-04,2.2499
2014-12-05,2.2285
2014-12-08,2.1617
2014-12-09,2.1787
2014-12-10,2.0969
2014-12-11,2.0795
2014-12-12,2.0524
2014-12-15,2.0315
2014-12-16,1.9961
2014-12-17,2.0213
2014-12-18,1.9823
2014-12-19,2.0146
2014-12-22,1.9901
2014-12-23,2.0255
2014-12-24,1.9678
2014-12-26,1.9638
2014-12-29,1.9061
2014-12-30,1.9102
2014-12-31,1.9112
2015-01-02,1.8725
2015-01-05,1.8205
2015-01-06,1.7934
2015-01-07,1.7767
2015-01-08,1.78
2015-01-09,1.7623
2015-01-12,1.7136
2015-01-13,1.7076
2015-01-14,1.7898
2015-01-15,1.7385
2015-01-16,1.7979
2015-01-20,1.7519
2015-01-21,1.7646
2015-01-22,1.7699
2015-01-23,1.787
2015-01-26,1.7558
2015-01-27,1.7892
2015-01-28,1.7821
2015-01-29,1.7964
2015-01-30,1.8839
2015-02-02,1.9497
2015-02-03,2.0064
2015-02-04,1.8868
2015-02-05,1.9299
2015-02-06,1.9642
2015-02-09,1.9833
2015-02-10,1.9574
2015-02-11,1.9483
2015-02-12,2.0006
2015-02-13,2.0313
2015-02-17,1.9952
2015-02-18,1.9787
2015-02-19,2.0213
2015-02-20,2.0458
2015-02-23,2.0513
2015-02-24,2.0253
2015-02-25,2.1196
2015-02-26,2.1035
2015-02-27,2.1806
2015-03-02,2.1
2015-03-03,2.1526
2015-03-04,2.1284
2015-03-05,2.09
2015-03-06,2.0846
2015-03-09,2.0774
2015-03-10,2.021
2015-03-11,2.0291
2015-03-12,2.0122
2015-03-13,1.965
2015-03-16,1.9313
2015-03-17,1.9328
2015-03-18,2.0018
2015-03-19,1.977
2015-03-20,2.0005
2015-03-23,2.0066
2015-03-24,2.0024
2015-03-25,2.0392
2015-03-26,2.0844
2015-03-27,1.9997
2015-03-30,1.9981
2015-03-31,1.9729
2015-04-01,2.0341
2015-04-02,1.9642
2015-04-06,2.0454
2015-04-07,2.0638
2015-04-08,1.9421
2015-04-09,1.9621
2015-04-10,2.0102
2015-04-13,2.0075
2015-04-14,2.0389
2015-04-15,2.1389
2015-04-16,2.1383
2015-04-17,2.1328
2015-04-20,2.1344
2015-04-21,2.091
2015-04-22,2.1274
2015-04-23,2.1985
2015-04-24,2.2108
2015-04-27,2.2119
2015-04-28,2.2039
2015-04-29,2.2195
2015-04-30,2.2521
2015-05-01,2.2523
2015-05-04,2.2409
2015-05-05,2.2704
2015-05-06,2.2436
2015-05-07,2.1973
2015-05-08,2.1988
2015-05-11,2.1934
2015-05-12,2.2463
2015-05-13,2.2475
2015-05-14,2.2645
2015-05-15,2.2638
2015-05-18,2.2481
2015-05-19,2.202
2015-05-20,2.2481
2015-05-21,2.2894
2015-05-22,2.2609
2015-05-26,2.2053
2015-05-27,2.154
2015-05-28,2.1914
2015-05-29,2.2841
2015-06-01,2.2636
2015-06-02,2.2862
2015-06-03,2.2667
2015-06-04,2.202
2015-06-05,2.2514
2015-06-08,2.2289
2015-06-09,2.2985
2015-06-10,2.3678
2015-06-11,2.3595
2015-06-12,2.3425
2015-06-15,2.3205
2015-06-16,2.3459
2015-06-17,2.3219
2015-06-18,2.3315
2015-06-19,2.28
2015-06-22,2.2511
2015-06-23,2.298
2015-06-24,2.2769
2015-06-25,2.2582
2015-06-26,2.2701
2015-06-29,2.253
2015-06-30,2.2991
2015-07-01,2.2565
2015-07-02,2.284
2015-07-06,2.1734
2015-07-07,2.1991
2015-07-08,2.2487
2015-07-09,2.2948
2015-07-10,2.2662
2015-07-13,2.1893
2015-07-14,2.1804
2015-07-15,2.1086
2015-07-16,2.1464
2015-07-17,2.1783
2015-07-20,2.18
2015-07-21,2.1706
2015-07-22,2.1173
2015-07-23,2.1018
2015-07-24,2.0779
2015-07-27,2.0701
2015-07-28,2.0529
2015-07-29,2.0595
2015-07-30,2.0735
2015-07-31,2.0765
2015-08-03,1.979
2015-08-04,1.9897
2015-08-05,1.975
2015-08-06,1.9523
2015-08-07,1.9275
2015-08-10,1.9985
2015-08-11,1.9982
2015-08-12,2.068
2015-08-13,2.0186
2015-08-14,1.9914
2015-08-17,1.9587
2015-08-18,1.9513
2015-08-19,1.8637
2015-08-20,1.8391
2015-08-21,1.8494
2015-08-24,1.7755
2015-08-25,1.7431
2015-08-26,1.6594
2015-08-27,1.7575
2015-08-28,1.8259
2015-08-31,1.9279
2015-09-01,1.8244
2015-09-02,1.854
2015-09-03,1.8659
2015-09-04,1.847
2015-09-08,1.8309
2015-09-09,1.7885
2015-09-10,1.8224
2015-09-11,1.7987
2015-09-14,1.7331
2015-09-15,1.7617
2015-09-16,1.8109
2015-09-17,1.8048
2015-09-18,1.785
2015-09-21,1.8319
2015-09-22,1.8452
2015-09-23,1.8104
2015-09-24,1.794
2015-09-25,1.8247
2015-09-28,1.778
2015-09-29,1.7949
2015-09-30,1.8121
2015-10-01,1.8122
2015-10-02,1.7868
2015-10-05,1.8307
2015-10-06,1.8816
2015-10-07,1.8354
2015-10-08,1.8532
2015-10-09,1.8621
2015-10-12,1.7865
2015-10-13,1.7594
2015-10-14,1.7537
2015-10-15,1.7526
2015-10-16,1.7734
2015-10-19,1.6968
2015-10-20,1.7237
2015-10-21,1.7262
2015-10-22,1.7521
2015-10-23,1.749
2015-10-26,1.7333
2015-10-27,1.7326
2015-10-28,1.7927
2015-10-29,1.7937
2015-10-30,1.8259
2015-11-02,1.8296
2015-11-03,1.8998
2015-11-04,1.8462
2015-11-05,1.8153
2015-11-06,1.8238
2015-11-09,1.8248
2015-11-10,1.8161
2015-11-11,1.7837
2015-11-12,1.7274
2015-11-13,1.6932
2015-11-16,1.6929
2015-11-17,1.6923
2015-11-18,1.7204
2015-11-19,1.7422
2015-11-20,1.7446
2015-11-23,1.7677
2015-11-24,1.8445
2015-11-25,1.8419
2015-11-27,1.825
2015-11-30,1.7952
2015-12-01,1.8513
2015-12-02,1.7814
2015-12-03,1.7846
2015-12-04,1.7585
2015-12-07,1.6977
2015-12-08,1.6919
2015-12-09,1.72
2015-12-10,1.7685
2015-12-11,1.7698
2015-12-14,1.7441
2015-12-15,1.7327
2015-12-16,1.7211
2015-12-17,1.7499
2015-12-18,1.7629
2015-12-21,1.6977
2015-12-22,1.6632
2015-12-23,1.7297
2015-12-24,1.7526
2015-12-28,1.7209
2015-12-29,1.7632
2015-12-30,1.7215
2015-12-31,1.7489
2016-01-04,1.7686
2016-01-05,1.7346
2016-01-06,1.6397
2016-01-07,1.6239
2016-01-08,1.6056
2016-01-11,1.5909
2016-01-12,1.5627
2016-01-13,1.5307
2016-01-14,1.5463
2016-01-15,1.4991
2016-01-19,1.5041
2016-01-20,1.4956
2016-01-21,1.5091
2016-01-22,1.5617
2016-01-25,1.5079
2016-01-26,1.5251
2016-01-27,1.5236
2016-01-28,1.5569
2016-01-29,1.5889
2016-02-01,1.5396
2016-02-02,1.4574
2016-02-03,1.4703
2016-02-04,1.485
2016-02-05,1.4493
2016-02-08,1.4127
2016-02-09,1.3555
2016-02-10,1.3991
2016-02-11,1.3983
2016-02-12,1.4998
2016-02-16,1.4275
2016-02-17,1.46
2016-02-18,1.429
2016-02-19,1.416
2016-02-22,1.4572
2016-02-23,1.4229
2016-02-24,1.467
2016-02-25,1.5034
2016-02-26,1.4863
2016-02-29,1.5119
2016-03-01,1.4947
2016-03-02,1.5019
2016-03-03,1.49
2016-03-04,1.5233
2016-03-07,1.5839
2016-03-08,1.579
2016-03-09,1.6617
2016-03-10,1.6302
2016-03-11,1.6355
2016-03-14,1.6138
2016-03-15,1.5994
2016-03-16,1.6095
2016-03-17,1.6295
2016-03-18,1.6185
2016-03-21,1.6501
2016-03-22,1.6883
2016-03-23,1.6453
2016-03-24,1.6571
2016-03-28,1.6592
2016-03-29,1.6444
2016-03-30,1.6297
2016-03-31,1.6103
2016-04-01,1.5652
2016-04-04,1.5406
2016-04-05,1.5414
2016-04-06,1.5583
2016-04-07,1.5448
2016-04-08,1.6273
2016-04-11,1.6713
2016-04-12,1.6979
2016-04-13,1.6931
2016-04-14,1.6692
2016-04-15,1.6248
2016-04-18,1.6001
2016-04-19,1.6435
2016-04-20,1.6704
2016-04-21,1.6795
2016-04-22,1.6945
2016-04-25,1.6767
2016-04-26,1.7296
2016-04-27,1.7449
2016-04-28,1.7609
2016-04-29,1.7546
2016-05-02,1.713
2016-05-03,1.6602
2016-05-04,1.6368
2016-05-05,1.6416
2016-05-06,1.6464
2016-05-09,1.5929
2016-05-10,1.6359
2016-05-11,1.7317
2016-05-12,1.7335
2016-05-13,1.7384
2016-05-16,1.7565
2016-05-17,1.7843
2016-05-18,1.7991
2016-05-19,1.7841
2016-05-20,1.7858
2016-05-23,1.7958
2016-05-24,1.8046
2016-05-25,1.7918
2016-05-26,1.7699
2016-05-27,1.781
2016-05-31,1.7566
2016-06-01,1.7585
2016-06-02,1.7778
2016-06-03,1.7507
2016-06-06,1.7319
2016-06-07,1.7303
2016-06-08,1.763
2016-06-09,1.7618
2016-06-10,1.7028
2016-06-13,1.6794
2016-06-14,1.6645
2016-06-15,1.6446
2016-06-16,1.6085
2016-06-17,1.6485
2016-06-20,1.7259
2016-06-21,1.7361
2016-06-22,1.7314
2016-06-23,1.7467
2016-06-24,1.6682
2016-06-27,1.6199
2016-06-28,1.6534
2016-06-29,1.6718
2016-06-30,1.6348
2016-07-01,1.647
2016-07-05,1.5622
2016-07-06,1.5664
2016-07-07,1.4966
2016-07-08,1.5043
2016-07-11,1.517
2016-07-12,1.5636
2016-07-13,1.5119
2016-07-14,1.5475
2016-07-15,1.5555
2016-07-18,1.5207
2016-07-19,1.5092
2016-07-20,1.4972
2016-07-21,1.4885
2016-07-22,1.495
2016-07-25,1.4671
2016-07-26,1.4787
2016-07-27,1.4523
2016-07-28,1.4362
2016-07-29,1.4545
2016-08-01,1.4387
2016-08-02,1.4467
2016-08-03,1.485
2016-08-04,1.5031
2016-08-05,1.5114
2016-08-08,1.4971
2016-08-09,1.4813
2016-08-10,1.4365
2016-08-11,1.4968
2016-08-12,1.506
2016-08-15,1.5358
2016-08-16,1.5577
2016-08-17,1.5856
2016-08-18,1.6248
2016-08-19,1.648
2016-08-22,1.6193
2016-08-23,1.6339
2016-08-24,1.6447
2016-08-25,1.6465
2016-08-26,1.6479
2016-08-29,1.6153
2016-08-30,1.594
2016-08-31,1.5529
2016-09-01,1.4919
2016-09-02,1.5211
2016-09-06,1.5359
2016-09-07,1.5659
2016-09-08,1.636
2016-09-09,1.5806
2016-09-12,1.6094
2016-09-13,1.596
2016-09-14,1.581
2016-09-15,1.6497
2016-09-16,1.6811
2016-09-19,1.6403
2016-09-20,1.5841
2016-09-21,1.6185
2016-09-22,1.6213
2016-09-23,1.5964
2016-09-26,1.6219
2016-09-27,1.6132
2016-09-28,1.6891
2016-09-29,1.6927
2016-09-30,1.7137
2016-10-03,1.7211
2016-10-04,1.7502
2016-10-05,1.7434
2016-10-06,1.7484
2016-10-07,1.7324
2016-10-10,1.7478
2016-10-11,1.7335
2016-10-12,1.7125
2016-10-13,1.7324
2016-10-14,1.7442
2016-10-17,1.743
2016-10-18,1.7563
2016-10-19,1.7642
2016-10-20,1.7443
2016-10-21,1.782
2016-10-24,1.7544
2016-10-25,1.7511
2016-10-26,1.7337
2016-10-27,1.7402
2016-10-28,1.7174
2016-10-31,1.682
2016-11-01,1.7466
2016-11-02,1.7104
2016-11-03,1.687
2016-11-04,1.6411
2016-11-07,1.6335
2016-11-08,1.6317
2016-11-09,1.6197
2016-11-10,1.6002
2016-11-11,1.5678
2016-11-14,1.5403
2016-11-15,1.5975
2016-11-16,1.5816
2016-11-17,1.6055
2016-11-18,1.6016
2016-11-21,1.659
2016-11-22,1.6723
2016-11-23,1.6842
2016-11-25,1.6352
2016-11-28,1.6737
2016-11-29,1.6363
2016-11-30,1.7416
2016-12-01,1.8061
2016-12-02,1.8182
2016-12-05,1.8166
2016-12-06,1.795
2016-12-07,1.7673
2016-12-08,1.7638
2016-12-09,1.7664
2016-12-12,1.8021
2016-12-13,1.8098
2016-12-14,1.7922
2016-12-15,1.8012
2016-12-16,1.8162
2016-12-19,1.823
2016-12-20,1.8527
2016-12-21,1.8646
2016-12-22,1.8631
2016-12-23,1.8853
2016-12-27,1.9119
2016-12-28,1.9259
2016-12-29,1.93
2016-12-30,1.9211
2017-01-03,1.872
2017-01-04,1.8961
2017-01-05,1.8879
2017-01-06,1.8842
2017-01-09,1.8209
2017-01-10,1.7969
2017-01-11,1.8431
2017-01-12,1.861
2017-01-13,1.8619
2017-01-17,1.8506
2017-01-18,1.7989
2017-01-19,1.7847
2017-01-20,1.8162
2017-01-23,1.8169
2017-01-24,1.8261
2017-01-25,1.774
2017-01-26,1.7929
2017-01-27,1.7754
2017-01-30,1.7567
2017-01-31,1.7737
2017-02-01,1.8027
2017-02-02,1.7565
2017-02-03,1.7773
2017-02-06,1.7339
2017-02-07,1.7111
2017-02-08,1.7763
2017-02-09,1.7938
2017-02-10,1.8132
2017-02-13,1.7682
2017-02-14,1.7703
2017-02-15,1.7715
2017-02-16,1.7483
2017-02-17,1.7402
2017-02-21,1.7176
2017-02-22,1.7369
2017-02-23,1.7522
2017-02-24,1.7411
2017-02-27,1.7463
2017-02-28,1.734
2017-03-01,1.6826
2017-03-02,1.6479
2017-03-03,1.6577
2017-03-06,1.6769
2017-03-07,1.6844
2017-03-08,1.6572
2017-03-09,1.6289
2017-03-10,1.6047
2017-03-13,1.5853
2017-03-14,1.5881
2017-03-15,1.588
2017-03-16,1.5988
2017-03-17,1.6035
2017-03-20,1.6159
2017-03-21,1.6098
2017-03-22,1.6065
2017-03-23,1.5942
2017-03-24,1.6094
2017-03-27,1.6235
2017-03-28,1.6395
2017-03-29,1.6765
2017-03-30,1.6868
2017-03-31,1.7061
2017-04-03,1.6968
2017-04-04,1.7248
2017-04-05,1.7184
2017-04-06,1.7327
2017-04-07,1.7493
2017-04-10,1.7612
2017-04-11,1.7608
2017-04-12,1.7448
2017-04-13,1.738
2017-04-17,1.7227
2017-04-18,1.7141
2017-04-19,1.6621
2017-04-20,1.6736
2017-04-21,1.6476
2017-04-24,1.6245
2017-04-25,1.6261
2017-04-26,1.5944
2017-04-27,1.5543
2017-04-28,1.5481
2017-05-01,1.5272
2017-05-02,1.5136
2017-05-03,1.5338
2017-05-04,1.4812
2017-05-05,1.5046
2017-05-08,1.5178
2017-05-09,1.4895
